,PSCI,PSCT,PSCM,PSCU,RSPG,RSPF,MITK,NXT,PATK,PECO,PUBM,STEP,ENSG,MODG,WINA,AGCO,BMI,SKY,CVLT,EHC,INMD,PSR,KBWR,PSCC,PSCH
PSCI,0.065700,0.076018,0.064095,0.035611,0.048312,0.043522,0.052998,0.052184,0.060960,0.027561,0.067640,0.094199,0.026440,0.084873,0.034186,0.066743,0.047777,0.059569,0.074191,0.025991,0.054035,0.026387,0.058882,0.028778,0.047168
PSCT,0.076018,0.109193,0.078047,0.045083,0.060863,0.050859,0.071941,0.071783,0.065577,0.028601,0.093844,0.115731,0.028003,0.103532,0.042151,0.077075,0.065945,0.066755,0.097853,0.027355,0.072999,0.029963,0.069697,0.029006,0.060502
PSCM,0.064095,0.078047,0.084584,0.038699,0.053432,0.044888,0.057558,0.054418,0.061598,0.028885,0.075121,0.088697,0.029073,0.103108,0.033680,0.070364,0.048011,0.064522,0.071095,0.022515,0.064697,0.032012,0.060657,0.033732,0.049950
PSCU,0.035611,0.045083,0.038699,0.032798,0.030424,0.029447,0.037035,0.029481,0.036159,0.021297,0.040726,0.052878,0.018572,0.055582,0.019019,0.039284,0.030621,0.035245,0.043535,0.019574,0.035659,0.022371,0.036488,0.021899,0.032695
RSPG,0.048312,0.060863,0.053432,0.030424,0.083334,0.040586,0.041039,0.050754,0.043894,0.023335,0.052207,0.075296,0.022585,0.055715,0.033358,0.061787,0.040700,0.037269,0.061392,0.022756,0.042234,0.026064,0.053085,0.021015,0.038665
RSPF,0.043522,0.050859,0.044888,0.029447,0.040586,0.044928,0.042868,0.028034,0.044024,0.024989,0.048595,0.075382,0.022394,0.053421,0.020718,0.046481,0.035647,0.041804,0.056810,0.023300,0.037530,0.026153,0.051234,0.025203,0.035285
MITK,0.052998,0.071941,0.057558,0.037035,0.041039,0.042868,0.149339,0.057037,0.041278,0.022573,0.100716,0.087550,0.024903,0.066901,0.026036,0.049521,0.035178,0.054686,0.073502,0.023221,0.061079,0.025590,0.049178,0.025617,0.044760
NXT,0.052184,0.071783,0.054418,0.029481,0.050754,0.028034,0.057037,0.366143,0.032933,0.008248,0.069005,0.068285,0.020924,0.046631,0.030351,0.052966,0.033998,0.032425,0.033937,0.001189,0.078044,0.010818,0.043567,0.012755,0.035385
PATK,0.060960,0.065577,0.061598,0.036159,0.043894,0.044024,0.041278,0.032933,0.116354,0.031460,0.053179,0.086875,0.031757,0.099873,0.032313,0.076883,0.040590,0.093055,0.062541,0.021591,0.060944,0.031459,0.060122,0.035878,0.048343
PECO,0.027561,0.028601,0.028885,0.021297,0.023335,0.024989,0.022573,0.008248,0.031460,0.038284,0.018451,0.044212,0.020577,0.047722,0.016024,0.027640,0.022266,0.033872,0.043056,0.020638,0.023508,0.026866,0.030901,0.023405,0.023928
PUBM,0.067640,0.093844,0.075121,0.040726,0.052207,0.048595,0.100716,0.069005,0.053179,0.018451,0.399903,0.102239,0.028121,0.105576,0.038314,0.089033,0.069063,0.051335,0.084527,0.020812,0.065186,0.026756,0.061516,0.028162,0.049969
STEP,0.094199,0.115731,0.088697,0.052878,0.075296,0.075382,0.087550,0.068285,0.086875,0.044212,0.102239,0.220628,0.035989,0.113252,0.044028,0.085510,0.074342,0.082031,0.129503,0.040104,0.072103,0.039981,0.099151,0.034287,0.071514
ENSG,0.026440,0.028003,0.029073,0.018572,0.022585,0.022394,0.024903,0.020924,0.031757,0.020577,0.028121,0.035989,0.073251,0.035574,0.013282,0.026938,0.030314,0.029828,0.035798,0.040327,0.020100,0.020947,0.020928,0.021074,0.028698
MODG,0.084873,0.103532,0.103108,0.055582,0.055715,0.053421,0.066901,0.046631,0.099873,0.047722,0.105576,0.113252,0.035574,0.400533,0.065387,0.109598,0.039500,0.116340,0.073621,0.017666,0.094257,0.045010,0.088267,0.053722,0.072616
WINA,0.034186,0.042151,0.033680,0.019019,0.033358,0.020718,0.026036,0.030351,0.032313,0.016024,0.038314,0.044028,0.013282,0.065387,0.111902,0.039746,0.031367,0.040136,0.037121,0.012812,0.017962,0.013547,0.030403,0.019444,0.027591
AGCO,0.066743,0.077075,0.070364,0.039284,0.061787,0.046481,0.049521,0.052966,0.076883,0.027640,0.089033,0.085510,0.026938,0.109598,0.039746,0.177752,0.045857,0.059179,0.054865,0.024860,0.067190,0.027941,0.058384,0.035867,0.046451
BMI,0.047777,0.065945,0.048011,0.030621,0.040700,0.035647,0.035178,0.033998,0.040590,0.022266,0.069063,0.074342,0.030314,0.039500,0.031367,0.045857,0.130269,0.037204,0.065542,0.032229,0.030002,0.021319,0.046761,0.021641,0.036187
SKY,0.059569,0.066755,0.064522,0.035245,0.037269,0.041804,0.054686,0.032425,0.093055,0.033872,0.051335,0.082031,0.029828,0.116340,0.040136,0.059179,0.037204,0.229436,0.076419,0.020681,0.067409,0.036560,0.061951,0.037663,0.054110
CVLT,0.074191,0.097853,0.071095,0.043535,0.061392,0.056810,0.073502,0.033937,0.062541,0.043056,0.084527,0.129503,0.035798,0.073621,0.037121,0.054865,0.065542,0.076419,0.269481,0.044790,0.060512,0.041719,0.066872,0.025187,0.056107
EHC,0.025991,0.027355,0.022515,0.019574,0.022756,0.023300,0.023221,0.001189,0.021591,0.020638,0.020812,0.040104,0.040327,0.017666,0.012812,0.024860,0.032229,0.020681,0.044790,0.078692,0.013026,0.018223,0.023308,0.017529,0.024257
INMD,0.054035,0.072999,0.064697,0.035659,0.042234,0.037530,0.061079,0.078044,0.060944,0.023508,0.065186,0.072103,0.020100,0.094257,0.017962,0.067190,0.030002,0.067409,0.060512,0.013026,0.153990,0.026709,0.056034,0.029696,0.049513
PSR,0.026387,0.029963,0.032012,0.022371,0.026064,0.026153,0.025590,0.010818,0.031459,0.026866,0.026756,0.039981,0.020947,0.045010,0.013547,0.027941,0.021319,0.036560,0.041719,0.018223,0.026709,0.029949,0.028962,0.022866,0.025304
KBWR,0.058882,0.069697,0.060657,0.036488,0.053085,0.051234,0.049178,0.043567,0.060122,0.030901,0.061516,0.099151,0.020928,0.088267,0.030403,0.058384,0.046761,0.061951,0.066872,0.023308,0.056034,0.028962,0.082862,0.030497,0.044679
PSCC,0.028778,0.029006,0.033732,0.021899,0.021015,0.025203,0.025617,0.012755,0.035878,0.023405,0.028162,0.034287,0.021074,0.053722,0.019444,0.035867,0.021641,0.037663,0.025187,0.017529,0.029696,0.022866,0.030497,0.038677,0.029353
PSCH,0.047168,0.060502,0.049950,0.032695,0.038665,0.035285,0.044760,0.035385,0.048343,0.023928,0.049969,0.071514,0.028698,0.072616,0.027591,0.046451,0.036187,0.054110,0.056107,0.024257,0.049513,0.025304,0.044679,0.029353,0.059132
