date,CASH,AGCO,BMI,SKY,CVLT,EHC,INMD,PSR,KBWR,PSCC,PSCH,PSCI,PSCT,PSCM,PSCU,RSPG,RSPF,MITK,NXT,PATK,PECO,PUBM,STEP,ENSG,MODG,WINA
2025-01-01,66121.67,180.0,100.0,500.0,178.0,0.0,1250.0,616.0,1226.0,1242.0,1680.0,933.0,2865.0,511.0,266.5,650.0,744.0,2330.0,450.0,462.0,580.0,1225.0,1495.0,650.0,1278.0,38.0
2025-01-02,66121.67,180.0,100.0,500.0,178.0,0.0,1250.0,616.0,1226.0,1242.0,1680.0,933.0,2865.0,511.0,266.5,650.0,744.0,2330.0,450.0,462.0,580.0,1225.0,1495.0,650.0,1278.0,38.0
2025-01-03,66121.67,180.0,100.0,500.0,178.0,0.0,1250.0,616.0,1226.0,1242.0,1680.0,933.0,2865.0,511.0,266.5,650.0,744.0,2330.0,450.0,462.0,580.0,1225.0,1495.0,650.0,1278.0,38.0
2025-01-04,66121.67,180.0,100.0,500.0,178.0,0.0,1250.0,616.0,1226.0,1242.0,1680.0,933.0,2865.0,511.0,266.5,650.0,744.0,2330.0,450.0,462.0,580.0,1225.0,1495.0,650.0,1278.0,38.0
2025-01-05,66121.67,180.0,100.0,500.0,178.0,0.0,1250.0,616.0,1226.0,1242.0,1680.0,933.0,2865.0,511.0,266.5,650.0,744.0,2330.0,450.0,462.0,580.0,1225.0,1495.0,650.0,1278.0,38.0
2025-01-06,66121.67,180.0,100.0,500.0,178.0,0.0,1250.0,616.0,1226.0,1242.0,1680.0,933.0,2865.0,511.0,266.5,650.0,744.0,2330.0,450.0,462.0,580.0,1225.0,1495.0,650.0,1278.0,38.0
2025-01-07,66121.67,180.0,100.0,500.0,178.0,0.0,1250.0,616.0,1226.0,1242.0,1680.0,933.0,2865.0,511.0,266.5,650.0,744.0,2330.0,450.0,462.0,580.0,1225.0,1495.0,650.0,1278.0,38.0
2025-01-08,66121.67,180.0,100.0,500.0,178.0,0.0,1250.0,616.0,1226.0,1242.0,1680.0,933.0,2865.0,511.0,266.5,650.0,744.0,2330.0,450.0,462.0,580.0,1225.0,1495.0,650.0,1278.0,38.0
2025-01-09,66121.67,180.0,100.0,500.0,178.0,0.0,1250.0,616.0,1226.0,1242.0,1680.0,933.0,2865.0,511.0,266.5,650.0,744.0,2330.0,450.0,462.0,580.0,1225.0,1495.0,650.0,1278.0,38.0
2025-01-10,66121.67,180.0,100.0,500.0,178.0,0.0,1250.0,616.0,1226.0,1242.0,1680.0,933.0,2865.0,511.0,266.5,650.0,744.0,2330.0,450.0,462.0,580.0,1225.0,1495.0,650.0,1278.0,38.0
2025-01-11,66121.67,180.0,100.0,500.0,178.0,0.0,1250.0,616.0,1226.0,1242.0,1680.0,933.0,2865.0,511.0,266.5,650.0,744.0,2330.0,450.0,462.0,580.0,1225.0,1495.0,650.0,1278.0,38.0
2025-01-12,66121.67,180.0,100.0,500.0,178.0,0.0,1250.0,616.0,1226.0,1242.0,1680.0,933.0,2865.0,511.0,266.5,650.0,744.0,2330.0,450.0,462.0,580.0,1225.0,1495.0,650.0,1278.0,38.0
2025-01-13,66121.67,180.0,100.0,500.0,178.0,0.0,1250.0,616.0,1226.0,1242.0,1680.0,933.0,2865.0,511.0,266.5,650.0,744.0,2330.0,450.0,462.0,580.0,1225.0,1495.0,650.0,1278.0,38.0
2025-01-14,66121.67,180.0,100.0,500.0,178.0,0.0,1250.0,616.0,1226.0,1242.0,1680.0,933.0,2865.0,511.0,266.5,650.0,744.0,2330.0,450.0,462.0,580.0,1225.0,1495.0,650.0,1278.0,38.0
2025-01-15,66121.67,180.0,100.0,500.0,178.0,0.0,1250.0,616.0,1226.0,1242.0,1680.0,933.0,2865.0,511.0,266.5,650.0,744.0,2330.0,450.0,462.0,580.0,1225.0,1495.0,650.0,1278.0,38.0
2025-01-16,66121.67,180.0,100.0,500.0,178.0,0.0,1250.0,616.0,1226.0,1242.0,1680.0,933.0,2865.0,511.0,266.5,650.0,744.0,2330.0,450.0,462.0,580.0,1225.0,1495.0,650.0,1278.0,38.0
2025-01-17,66121.67,180.0,100.0,500.0,178.0,0.0,1250.0,616.0,1226.0,1242.0,1680.0,933.0,2865.0,511.0,266.5,650.0,744.0,2330.0,450.0,462.0,580.0,1225.0,1495.0,650.0,1278.0,38.0
2025-01-18,66121.67,180.0,100.0,500.0,178.0,0.0,1250.0,616.0,1226.0,1242.0,1680.0,933.0,2865.0,511.0,266.5,650.0,744.0,2330.0,450.0,462.0,580.0,1225.0,1495.0,650.0,1278.0,38.0
2025-01-19,66121.67,180.0,100.0,500.0,178.0,0.0,1250.0,616.0,1226.0,1242.0,1680.0,933.0,2865.0,511.0,266.5,650.0,744.0,2330.0,450.0,462.0,580.0,1225.0,1495.0,650.0,1278.0,38.0
2025-01-20,66121.67,180.0,100.0,500.0,178.0,0.0,1250.0,616.0,1226.0,1242.0,1680.0,933.0,2865.0,511.0,266.5,650.0,744.0,2330.0,450.0,462.0,580.0,1225.0,1495.0,650.0,1278.0,38.0
2025-01-21,66121.67,180.0,100.0,500.0,178.0,0.0,1250.0,616.0,1226.0,1242.0,1680.0,933.0,2865.0,511.0,266.5,650.0,744.0,2330.0,450.0,462.0,580.0,1225.0,1495.0,650.0,1278.0,38.0
2025-01-22,66121.67,180.0,100.0,500.0,178.0,0.0,1250.0,616.0,1226.0,1242.0,1680.0,933.0,2865.0,511.0,266.5,650.0,744.0,2330.0,450.0,462.0,580.0,1225.0,1495.0,650.0,1278.0,38.0
2025-01-23,66121.67,180.0,100.0,500.0,178.0,0.0,1250.0,616.0,1226.0,1242.0,1680.0,933.0,2865.0,511.0,266.5,650.0,744.0,2330.0,450.0,462.0,580.0,1225.0,1495.0,650.0,1278.0,38.0
2025-01-24,66121.67,180.0,100.0,500.0,178.0,0.0,1250.0,616.0,1226.0,1242.0,1680.0,933.0,2865.0,511.0,266.5,650.0,744.0,2330.0,450.0,462.0,580.0,1225.0,1495.0,650.0,1278.0,38.0
2025-01-25,66121.67,180.0,100.0,500.0,178.0,0.0,1250.0,616.0,1226.0,1242.0,1680.0,933.0,2865.0,511.0,266.5,650.0,744.0,2330.0,450.0,462.0,580.0,1225.0,1495.0,650.0,1278.0,38.0
2025-01-26,66121.67,180.0,100.0,500.0,178.0,0.0,1250.0,616.0,1226.0,1242.0,1680.0,933.0,2865.0,511.0,266.5,650.0,744.0,2330.0,450.0,462.0,580.0,1225.0,1495.0,650.0,1278.0,38.0
2025-01-27,66121.67,180.0,100.0,500.0,178.0,0.0,1250.0,616.0,1226.0,1242.0,1680.0,933.0,2865.0,511.0,266.5,650.0,744.0,2330.0,450.0,462.0,580.0,1225.0,1495.0,650.0,1278.0,38.0
2025-01-28,66121.67,180.0,100.0,500.0,178.0,0.0,1250.0,616.0,1226.0,1242.0,1680.0,933.0,2865.0,511.0,266.5,650.0,744.0,2330.0,450.0,462.0,580.0,1225.0,1495.0,650.0,1278.0,38.0
2025-01-29,66121.67,180.0,100.0,500.0,178.0,0.0,1250.0,616.0,1226.0,1242.0,1680.0,933.0,2865.0,511.0,266.5,650.0,744.0,2330.0,450.0,462.0,580.0,1225.0,1495.0,650.0,1278.0,38.0
2025-01-30,66121.67,180.0,100.0,500.0,178.0,0.0,1250.0,616.0,1226.0,1242.0,1680.0,933.0,2865.0,511.0,266.5,650.0,744.0,2330.0,450.0,462.0,580.0,1225.0,1495.0,650.0,1278.0,38.0
2025-01-31,66121.67,180.0,100.0,500.0,178.0,0.0,1250.0,616.0,1226.0,1242.0,1680.0,933.0,2865.0,511.0,266.5,650.0,744.0,2330.0,450.0,462.0,580.0,1225.0,1495.0,650.0,1278.0,38.0
2025-02-01,66121.67,180.0,100.0,500.0,178.0,0.0,1250.0,616.0,1226.0,1242.0,1680.0,933.0,2865.0,511.0,266.5,650.0,744.0,2330.0,450.0,462.0,580.0,1225.0,1495.0,650.0,1278.0,38.0
2025-02-02,66121.67,180.0,100.0,500.0,178.0,0.0,1250.0,616.0,1226.0,1242.0,1680.0,933.0,2865.0,511.0,266.5,650.0,744.0,2330.0,450.0,462.0,580.0,1225.0,1495.0,650.0,1278.0,38.0
2025-02-03,66121.67,180.0,100.0,500.0,178.0,0.0,1250.0,616.0,1226.0,1242.0,1680.0,933.0,2865.0,511.0,266.5,650.0,744.0,2330.0,450.0,462.0,580.0,1225.0,1495.0,650.0,1278.0,38.0
2025-02-04,66121.67,180.0,100.0,500.0,178.0,0.0,1250.0,616.0,1226.0,1242.0,1680.0,933.0,2865.0,511.0,266.5,650.0,744.0,2330.0,450.0,462.0,580.0,1225.0,1495.0,650.0,1278.0,38.0
2025-02-05,66121.67,180.0,100.0,500.0,178.0,0.0,1250.0,616.0,1226.0,1242.0,1680.0,933.0,2865.0,511.0,266.5,650.0,744.0,2330.0,450.0,462.0,580.0,1225.0,1495.0,650.0,1278.0,38.0
2025-02-06,66121.67,180.0,100.0,500.0,178.0,0.0,1250.0,616.0,1226.0,1242.0,1680.0,933.0,2865.0,511.0,266.5,650.0,744.0,2330.0,450.0,462.0,580.0,1225.0,1495.0,650.0,1278.0,38.0
2025-02-07,66121.67,180.0,100.0,500.0,178.0,0.0,1250.0,616.0,1226.0,1242.0,1680.0,933.0,2865.0,511.0,266.5,650.0,744.0,2330.0,450.0,462.0,580.0,1225.0,1495.0,650.0,1278.0,38.0
2025-02-08,66121.67,180.0,100.0,500.0,178.0,0.0,1250.0,616.0,1226.0,1242.0,1680.0,933.0,2865.0,511.0,266.5,650.0,744.0,2330.0,450.0,462.0,580.0,1225.0,1495.0,650.0,1278.0,38.0
2025-02-09,66121.67,180.0,100.0,500.0,178.0,0.0,1250.0,616.0,1226.0,1242.0,1680.0,933.0,2865.0,511.0,266.5,650.0,744.0,2330.0,450.0,462.0,580.0,1225.0,1495.0,650.0,1278.0,38.0
2025-02-10,66121.67,180.0,100.0,500.0,178.0,0.0,1250.0,616.0,1226.0,1242.0,1680.0,933.0,2865.0,511.0,266.5,650.0,744.0,2330.0,450.0,462.0,580.0,1225.0,1495.0,650.0,1278.0,38.0
2025-02-11,66121.67,180.0,100.0,500.0,178.0,0.0,1250.0,616.0,1226.0,1242.0,1680.0,933.0,2865.0,511.0,266.5,650.0,744.0,2330.0,450.0,462.0,580.0,1225.0,1495.0,650.0,1278.0,38.0
2025-02-12,66121.67,180.0,100.0,500.0,178.0,0.0,1250.0,616.0,1226.0,1242.0,1680.0,933.0,2865.0,511.0,266.5,650.0,744.0,2330.0,450.0,462.0,580.0,1225.0,1495.0,650.0,1278.0,38.0
2025-02-13,66121.67,180.0,100.0,500.0,178.0,0.0,1250.0,616.0,1226.0,1242.0,1680.0,933.0,2865.0,511.0,266.5,650.0,744.0,2330.0,450.0,462.0,580.0,1225.0,1495.0,650.0,1278.0,38.0
2025-02-14,66121.67,180.0,100.0,500.0,178.0,0.0,1250.0,616.0,1226.0,1242.0,1680.0,933.0,2865.0,511.0,266.5,650.0,744.0,2330.0,450.0,462.0,580.0,1225.0,1495.0,650.0,1278.0,38.0
2025-02-15,66121.67,180.0,100.0,500.0,178.0,0.0,1250.0,616.0,1226.0,1242.0,1680.0,933.0,2865.0,511.0,266.5,650.0,744.0,2330.0,450.0,462.0,580.0,1225.0,1495.0,650.0,1278.0,38.0
2025-02-16,66121.67,180.0,100.0,500.0,178.0,0.0,1250.0,616.0,1226.0,1242.0,1680.0,933.0,2865.0,511.0,266.5,650.0,744.0,2330.0,450.0,462.0,580.0,1225.0,1495.0,650.0,1278.0,38.0
2025-02-17,66121.67,180.0,100.0,500.0,178.0,0.0,1250.0,616.0,1226.0,1242.0,1680.0,933.0,2865.0,511.0,266.5,650.0,744.0,2330.0,450.0,462.0,580.0,1225.0,1495.0,650.0,1278.0,38.0
2025-02-18,66121.67,180.0,100.0,500.0,178.0,425.0,1250.0,616.0,1226.0,1242.0,1680.0,933.0,2865.0,511.0,266.5,650.0,744.0,2330.0,450.0,462.0,580.0,1225.0,1495.0,325.0,1278.0,38.0
2025-02-19,66121.67,180.0,100.0,500.0,178.0,425.0,1250.0,616.0,1226.0,1242.0,1680.0,933.0,2865.0,511.0,266.5,650.0,744.0,2330.0,450.0,462.0,580.0,1225.0,1495.0,325.0,1278.0,38.0
2025-02-20,66121.67,180.0,100.0,500.0,178.0,425.0,1250.0,616.0,1226.0,1242.0,1680.0,933.0,2865.0,511.0,266.5,650.0,744.0,2330.0,450.0,462.0,580.0,1225.0,1495.0,325.0,1278.0,38.0
2025-02-21,66121.67,180.0,100.0,500.0,178.0,425.0,1250.0,616.0,1226.0,1242.0,1680.0,933.0,2865.0,511.0,266.5,650.0,744.0,2330.0,450.0,462.0,580.0,1225.0,1495.0,325.0,1278.0,38.0
2025-02-22,66121.67,180.0,100.0,500.0,178.0,425.0,1250.0,616.0,1226.0,1242.0,1680.0,933.0,2865.0,511.0,266.5,650.0,744.0,2330.0,450.0,462.0,580.0,1225.0,1495.0,325.0,1278.0,38.0
2025-02-23,66121.67,180.0,100.0,500.0,178.0,425.0,1250.0,616.0,1226.0,1242.0,1680.0,933.0,2865.0,511.0,266.5,650.0,744.0,2330.0,450.0,462.0,580.0,1225.0,1495.0,325.0,1278.0,38.0
2025-02-24,66121.67,180.0,100.0,500.0,178.0,425.0,1250.0,616.0,1226.0,1242.0,1680.0,933.0,2865.0,511.0,266.5,650.0,744.0,2330.0,450.0,462.0,580.0,1225.0,1495.0,325.0,1278.0,38.0
2025-02-25,66121.67,180.0,100.0,500.0,178.0,425.0,1250.0,616.0,1226.0,1242.0,1680.0,933.0,2865.0,511.0,266.5,650.0,744.0,2330.0,450.0,462.0,580.0,1225.0,1495.0,325.0,1278.0,38.0
2025-02-26,66121.67,180.0,100.0,500.0,178.0,425.0,1250.0,616.0,1226.0,1242.0,1680.0,933.0,2865.0,511.0,266.5,650.0,744.0,2330.0,450.0,462.0,580.0,1225.0,1495.0,325.0,1278.0,38.0
2025-02-27,66121.67,180.0,100.0,500.0,178.0,425.0,1250.0,616.0,1226.0,1242.0,1680.0,933.0,2865.0,511.0,266.5,650.0,744.0,2330.0,450.0,462.0,580.0,1225.0,1495.0,325.0,1278.0,38.0
2025-02-28,66121.67,180.0,100.0,500.0,178.0,425.0,1250.0,616.0,1226.0,1242.0,1680.0,933.0,2865.0,511.0,266.5,650.0,744.0,2330.0,450.0,462.0,580.0,1225.0,1495.0,325.0,1278.0,38.0
2025-03-01,66121.67,180.0,100.0,500.0,178.0,425.0,1250.0,616.0,1226.0,1242.0,1680.0,933.0,2865.0,511.0,266.5,650.0,744.0,2330.0,450.0,462.0,580.0,1225.0,1495.0,325.0,1278.0,38.0
2025-03-02,66121.67,180.0,100.0,500.0,178.0,425.0,1250.0,616.0,1226.0,1242.0,1680.0,933.0,2865.0,511.0,266.5,650.0,744.0,2330.0,450.0,462.0,580.0,1225.0,1495.0,325.0,1278.0,38.0
2025-03-03,66121.67,180.0,100.0,500.0,178.0,425.0,1250.0,616.0,1226.0,1242.0,1680.0,933.0,2865.0,511.0,266.5,650.0,744.0,2330.0,450.0,462.0,580.0,1225.0,1495.0,325.0,1278.0,38.0
2025-03-04,66121.67,180.0,100.0,500.0,178.0,425.0,1250.0,616.0,1226.0,1242.0,1680.0,933.0,2865.0,511.0,266.5,650.0,744.0,2330.0,450.0,462.0,580.0,1225.0,1495.0,325.0,1278.0,38.0
2025-03-05,66121.67,180.0,100.0,500.0,178.0,425.0,1250.0,616.0,1226.0,1242.0,1680.0,933.0,2865.0,511.0,266.5,650.0,744.0,2330.0,450.0,462.0,580.0,1225.0,1495.0,325.0,1278.0,38.0
2025-03-06,66121.67,180.0,100.0,500.0,178.0,425.0,1250.0,616.0,1226.0,1242.0,1680.0,933.0,2865.0,511.0,266.5,650.0,744.0,2330.0,450.0,462.0,580.0,1225.0,1495.0,325.0,1278.0,38.0
2025-03-07,66121.67,180.0,100.0,500.0,178.0,425.0,1250.0,616.0,1226.0,1242.0,1680.0,933.0,2865.0,511.0,266.5,650.0,744.0,2330.0,450.0,462.0,580.0,1225.0,1495.0,325.0,1278.0,38.0
2025-03-08,66121.67,180.0,100.0,500.0,178.0,425.0,1250.0,616.0,1226.0,1242.0,1680.0,933.0,2865.0,511.0,266.5,650.0,744.0,2330.0,450.0,462.0,580.0,1225.0,1495.0,325.0,1278.0,38.0
2025-03-09,66121.67,180.0,100.0,500.0,178.0,425.0,1250.0,616.0,1226.0,1242.0,1680.0,933.0,2865.0,511.0,266.5,650.0,744.0,2330.0,450.0,462.0,580.0,1225.0,1495.0,325.0,1278.0,38.0
2025-03-10,66121.67,180.0,100.0,500.0,178.0,425.0,1250.0,616.0,1226.0,1242.0,1680.0,933.0,2865.0,511.0,266.5,650.0,744.0,2330.0,450.0,462.0,580.0,1225.0,1495.0,325.0,1278.0,38.0
2025-03-11,66121.67,180.0,100.0,500.0,178.0,425.0,1250.0,616.0,1226.0,1242.0,1680.0,933.0,2865.0,511.0,266.5,650.0,744.0,2330.0,450.0,462.0,580.0,1225.0,1495.0,325.0,1278.0,38.0
2025-03-12,66121.67,180.0,100.0,500.0,178.0,425.0,1250.0,616.0,1226.0,1242.0,1680.0,933.0,2865.0,511.0,266.5,650.0,744.0,2330.0,450.0,462.0,580.0,1225.0,1495.0,325.0,1278.0,38.0
2025-03-13,66121.67,180.0,100.0,500.0,178.0,425.0,1250.0,616.0,1226.0,1242.0,1680.0,933.0,2865.0,511.0,266.5,650.0,744.0,2330.0,450.0,462.0,580.0,1225.0,1495.0,325.0,1278.0,38.0
2025-03-14,66121.67,180.0,100.0,500.0,178.0,425.0,1250.0,616.0,1226.0,1242.0,1680.0,933.0,2865.0,511.0,266.5,650.0,744.0,2330.0,450.0,462.0,580.0,1225.0,1495.0,325.0,1278.0,38.0
2025-03-15,66121.67,180.0,100.0,500.0,178.0,425.0,1250.0,616.0,1226.0,1242.0,1680.0,933.0,2865.0,511.0,266.5,650.0,744.0,2330.0,450.0,462.0,580.0,1225.0,1495.0,325.0,1278.0,38.0
2025-03-16,66121.67,180.0,100.0,500.0,178.0,425.0,1250.0,616.0,1226.0,1242.0,1680.0,933.0,2865.0,511.0,266.5,650.0,744.0,2330.0,450.0,462.0,580.0,1225.0,1495.0,325.0,1278.0,38.0
2025-03-17,66121.67,180.0,100.0,500.0,178.0,425.0,1250.0,616.0,1226.0,1242.0,1680.0,933.0,2865.0,511.0,266.5,650.0,744.0,2330.0,450.0,462.0,580.0,1225.0,1495.0,325.0,1278.0,38.0
2025-03-18,66121.67,180.0,100.0,500.0,178.0,425.0,1250.0,616.0,1226.0,1242.0,1680.0,933.0,2865.0,511.0,266.5,650.0,744.0,2330.0,450.0,462.0,580.0,1225.0,1495.0,325.0,1278.0,38.0
2025-03-19,66121.67,180.0,100.0,500.0,178.0,425.0,1250.0,616.0,1226.0,1242.0,1680.0,933.0,2865.0,511.0,266.5,650.0,744.0,2330.0,450.0,462.0,580.0,1225.0,1495.0,325.0,1278.0,38.0
2025-03-20,66121.67,180.0,100.0,500.0,178.0,425.0,1250.0,616.0,1226.0,1242.0,1680.0,933.0,2865.0,511.0,266.5,650.0,744.0,2330.0,450.0,462.0,580.0,1225.0,1495.0,325.0,1278.0,38.0
2025-03-21,66121.67,180.0,100.0,500.0,178.0,425.0,1250.0,616.0,1226.0,1242.0,1680.0,933.0,2865.0,511.0,266.5,650.0,744.0,2330.0,450.0,462.0,580.0,1225.0,1495.0,325.0,1278.0,38.0
2025-03-22,66121.67,180.0,100.0,500.0,178.0,425.0,1250.0,616.0,1226.0,1242.0,1680.0,933.0,2865.0,511.0,266.5,650.0,744.0,2330.0,450.0,462.0,580.0,1225.0,1495.0,325.0,1278.0,38.0
2025-03-23,66121.67,180.0,100.0,500.0,178.0,425.0,1250.0,616.0,1226.0,1242.0,1680.0,933.0,2865.0,511.0,266.5,650.0,744.0,2330.0,450.0,462.0,580.0,1225.0,1495.0,325.0,1278.0,38.0
2025-03-24,66121.67,180.0,100.0,500.0,178.0,425.0,1250.0,616.0,1226.0,1242.0,1680.0,933.0,2865.0,511.0,266.5,650.0,744.0,2330.0,450.0,462.0,580.0,1225.0,1495.0,325.0,1278.0,38.0
2025-03-25,66121.67,180.0,100.0,500.0,178.0,425.0,1250.0,616.0,1226.0,1242.0,1680.0,933.0,2865.0,511.0,266.5,650.0,744.0,2330.0,450.0,462.0,580.0,1225.0,1495.0,325.0,1278.0,38.0
2025-03-26,66121.67,180.0,100.0,500.0,178.0,425.0,1250.0,616.0,1226.0,1242.0,1680.0,933.0,2865.0,511.0,266.5,650.0,744.0,2330.0,450.0,462.0,580.0,1225.0,1495.0,325.0,1278.0,38.0
2025-03-27,66121.67,180.0,100.0,500.0,178.0,425.0,1250.0,616.0,1226.0,1242.0,1680.0,933.0,2865.0,511.0,266.5,650.0,744.0,2330.0,450.0,462.0,580.0,1225.0,1495.0,325.0,1278.0,38.0
2025-03-28,66121.67,180.0,100.0,500.0,178.0,425.0,1250.0,616.0,1226.0,1242.0,1680.0,933.0,2865.0,511.0,266.5,650.0,744.0,2330.0,450.0,462.0,580.0,1225.0,1495.0,325.0,1278.0,38.0
2025-03-29,66121.67,180.0,100.0,500.0,178.0,425.0,1250.0,616.0,1226.0,1242.0,1680.0,933.0,2865.0,511.0,266.5,650.0,744.0,2330.0,450.0,462.0,580.0,1225.0,1495.0,325.0,1278.0,38.0
2025-03-30,66121.67,180.0,100.0,500.0,178.0,425.0,1250.0,616.0,1226.0,1242.0,1680.0,933.0,2865.0,511.0,266.5,650.0,744.0,2330.0,450.0,462.0,580.0,1225.0,1495.0,325.0,1278.0,38.0
2025-03-31,66121.67,180.0,100.0,500.0,178.0,425.0,1250.0,616.0,1226.0,1242.0,1680.0,933.0,2865.0,511.0,266.5,650.0,744.0,2330.0,450.0,462.0,580.0,1225.0,1495.0,325.0,1278.0,38.0
2025-04-01,66121.67,180.0,100.0,500.0,178.0,425.0,1250.0,616.0,1226.0,1242.0,1680.0,933.0,2865.0,511.0,266.5,650.0,744.0,2330.0,450.0,462.0,580.0,1225.0,1495.0,325.0,1278.0,38.0
2025-04-02,66121.67,180.0,100.0,500.0,178.0,425.0,1250.0,616.0,1226.0,1242.0,1680.0,933.0,2865.0,511.0,266.5,650.0,744.0,2330.0,450.0,462.0,580.0,1225.0,1495.0,325.0,1278.0,38.0
2025-04-03,66121.67,180.0,100.0,500.0,178.0,425.0,1250.0,616.0,1226.0,1242.0,1680.0,933.0,2865.0,511.0,266.5,650.0,744.0,2330.0,450.0,462.0,580.0,1225.0,1495.0,325.0,1278.0,38.0
2025-04-04,66121.67,180.0,100.0,500.0,178.0,425.0,1250.0,616.0,1226.0,1242.0,1680.0,933.0,2865.0,511.0,266.5,650.0,744.0,2330.0,450.0,462.0,580.0,1225.0,1495.0,325.0,1278.0,38.0
2025-04-05,66121.67,180.0,100.0,500.0,178.0,425.0,1250.0,616.0,1226.0,1242.0,1680.0,933.0,2865.0,511.0,266.5,650.0,744.0,2330.0,450.0,462.0,580.0,1225.0,1495.0,325.0,1278.0,38.0
2025-04-06,66121.67,180.0,100.0,500.0,178.0,425.0,1250.0,616.0,1226.0,1242.0,1680.0,933.0,2865.0,511.0,266.5,650.0,744.0,2330.0,450.0,462.0,580.0,1225.0,1495.0,325.0,1278.0,38.0
2025-04-07,66121.67,180.0,100.0,500.0,178.0,425.0,1250.0,616.0,1226.0,1242.0,1680.0,933.0,2865.0,511.0,266.5,650.0,744.0,2330.0,450.0,462.0,580.0,1225.0,1495.0,325.0,1278.0,38.0
2025-04-08,66121.67,180.0,100.0,500.0,178.0,425.0,1250.0,616.0,1226.0,1242.0,1680.0,933.0,2865.0,511.0,266.5,650.0,744.0,2330.0,450.0,462.0,580.0,1225.0,1495.0,325.0,1278.0,38.0
2025-04-09,66121.67,180.0,100.0,500.0,178.0,425.0,1250.0,616.0,1226.0,1242.0,1680.0,933.0,2865.0,511.0,266.5,650.0,744.0,2330.0,450.0,462.0,580.0,1225.0,1495.0,325.0,1278.0,38.0
2025-04-10,66121.67,180.0,100.0,500.0,178.0,425.0,1250.0,616.0,1226.0,1242.0,1680.0,933.0,2865.0,511.0,266.5,650.0,744.0,2330.0,450.0,462.0,580.0,1225.0,1495.0,325.0,1278.0,38.0
2025-04-11,66121.67,180.0,100.0,500.0,178.0,425.0,1250.0,616.0,1226.0,1242.0,1680.0,933.0,2865.0,511.0,266.5,650.0,744.0,2330.0,450.0,462.0,580.0,1225.0,1495.0,325.0,1278.0,38.0
2025-04-12,66121.67,180.0,100.0,500.0,178.0,425.0,1250.0,616.0,1226.0,1242.0,1680.0,933.0,2865.0,511.0,266.5,650.0,744.0,2330.0,450.0,462.0,580.0,1225.0,1495.0,325.0,1278.0,38.0
2025-04-13,66121.67,180.0,100.0,500.0,178.0,425.0,1250.0,616.0,1226.0,1242.0,1680.0,933.0,2865.0,511.0,266.5,650.0,744.0,2330.0,450.0,462.0,580.0,1225.0,1495.0,325.0,1278.0,38.0
2025-04-14,66121.67,180.0,100.0,500.0,178.0,425.0,1250.0,616.0,1226.0,1242.0,1680.0,933.0,2865.0,511.0,266.5,650.0,744.0,2330.0,450.0,462.0,580.0,1225.0,1495.0,325.0,1278.0,38.0
2025-04-15,66121.67,180.0,100.0,500.0,178.0,425.0,1250.0,616.0,1226.0,1242.0,1680.0,933.0,2865.0,511.0,266.5,650.0,744.0,2330.0,450.0,462.0,580.0,1225.0,1495.0,325.0,1278.0,38.0
2025-04-16,66121.67,180.0,100.0,500.0,178.0,425.0,1250.0,616.0,1226.0,1242.0,1680.0,933.0,2865.0,511.0,266.5,650.0,744.0,2330.0,450.0,462.0,580.0,1225.0,1495.0,325.0,1278.0,38.0
2025-04-17,66121.67,180.0,100.0,500.0,178.0,425.0,1250.0,616.0,1226.0,1242.0,1680.0,933.0,2865.0,511.0,266.5,650.0,744.0,2330.0,450.0,462.0,580.0,1225.0,1495.0,325.0,1278.0,38.0
2025-04-18,66121.67,180.0,100.0,500.0,178.0,425.0,1250.0,616.0,1226.0,1242.0,1680.0,933.0,2865.0,511.0,266.5,650.0,744.0,2330.0,450.0,462.0,580.0,1225.0,1495.0,325.0,1278.0,38.0
2025-04-19,66121.67,180.0,100.0,500.0,178.0,425.0,1250.0,616.0,1226.0,1242.0,1680.0,933.0,2865.0,511.0,266.5,650.0,744.0,2330.0,450.0,462.0,580.0,1225.0,1495.0,325.0,1278.0,38.0
2025-04-20,66121.67,180.0,100.0,500.0,178.0,425.0,1250.0,616.0,1226.0,1242.0,1680.0,933.0,2865.0,511.0,266.5,650.0,744.0,2330.0,450.0,462.0,580.0,1225.0,1495.0,325.0,1278.0,38.0
2025-04-21,66121.67,180.0,100.0,500.0,178.0,425.0,1250.0,616.0,1226.0,1242.0,1680.0,933.0,2865.0,511.0,266.5,650.0,744.0,2330.0,450.0,462.0,580.0,1225.0,1495.0,325.0,1278.0,38.0
2025-04-22,66121.67,180.0,100.0,500.0,178.0,425.0,1250.0,616.0,1226.0,1242.0,1680.0,933.0,2865.0,511.0,266.5,650.0,744.0,2330.0,450.0,462.0,580.0,1225.0,1495.0,325.0,1278.0,38.0
2025-04-23,66121.67,180.0,100.0,500.0,178.0,425.0,1250.0,616.0,1226.0,1242.0,1680.0,933.0,2865.0,511.0,266.5,650.0,744.0,2330.0,450.0,462.0,580.0,1225.0,1495.0,325.0,1278.0,38.0
2025-04-24,66121.67,180.0,100.0,500.0,178.0,425.0,1250.0,616.0,1226.0,1242.0,1680.0,933.0,2865.0,511.0,266.5,650.0,744.0,2330.0,450.0,462.0,580.0,1225.0,1495.0,325.0,1278.0,38.0
2025-04-25,66121.67,180.0,100.0,500.0,178.0,425.0,1250.0,616.0,1226.0,1242.0,1680.0,933.0,2865.0,511.0,266.5,650.0,744.0,2330.0,450.0,462.0,580.0,1225.0,1495.0,325.0,1278.0,38.0
2025-04-26,66121.67,180.0,100.0,500.0,178.0,425.0,1250.0,616.0,1226.0,1242.0,1680.0,933.0,2865.0,511.0,266.5,650.0,744.0,2330.0,450.0,462.0,580.0,1225.0,1495.0,325.0,1278.0,38.0
2025-04-27,66121.67,180.0,100.0,500.0,178.0,425.0,1250.0,616.0,1226.0,1242.0,1680.0,933.0,2865.0,511.0,266.5,650.0,744.0,2330.0,450.0,462.0,580.0,1225.0,1495.0,325.0,1278.0,38.0
2025-04-28,66121.67,180.0,100.0,500.0,178.0,425.0,1250.0,616.0,1226.0,1242.0,1680.0,933.0,2865.0,511.0,266.5,650.0,744.0,2330.0,450.0,462.0,580.0,1225.0,1495.0,325.0,1278.0,38.0
2025-04-29,66121.67,180.0,100.0,500.0,178.0,425.0,1250.0,616.0,1226.0,1242.0,1680.0,933.0,2865.0,511.0,266.5,650.0,744.0,2330.0,450.0,462.0,580.0,1225.0,1495.0,325.0,1278.0,38.0
2025-04-30,66121.67,180.0,100.0,500.0,178.0,425.0,1250.0,616.0,1226.0,1242.0,1680.0,933.0,2865.0,511.0,266.5,650.0,744.0,2330.0,450.0,462.0,580.0,1225.0,1495.0,325.0,1278.0,38.0
2025-05-01,66121.67,180.0,100.0,500.0,178.0,425.0,1250.0,616.0,1226.0,1242.0,1680.0,933.0,2865.0,511.0,266.5,650.0,744.0,2330.0,450.0,462.0,580.0,1225.0,1495.0,325.0,1278.0,38.0
2025-05-02,66121.67,180.0,100.0,500.0,178.0,425.0,1250.0,616.0,1226.0,1242.0,1680.0,933.0,2865.0,511.0,266.5,650.0,744.0,2330.0,450.0,462.0,580.0,1225.0,1495.0,325.0,1278.0,38.0
2025-05-03,66121.67,180.0,100.0,500.0,178.0,425.0,1250.0,616.0,1226.0,1242.0,1680.0,933.0,2865.0,511.0,266.5,650.0,744.0,2330.0,450.0,462.0,580.0,1225.0,1495.0,325.0,1278.0,38.0
2025-05-04,66121.67,180.0,100.0,500.0,178.0,425.0,1250.0,616.0,1226.0,1242.0,1680.0,933.0,2865.0,511.0,266.5,650.0,744.0,2330.0,450.0,462.0,580.0,1225.0,1495.0,325.0,1278.0,38.0
2025-05-05,66121.67,180.0,100.0,500.0,178.0,425.0,1250.0,616.0,1226.0,1242.0,1680.0,933.0,2865.0,511.0,266.5,650.0,744.0,2330.0,450.0,462.0,580.0,1225.0,1495.0,325.0,1278.0,38.0
2025-05-06,66121.67,180.0,100.0,500.0,178.0,425.0,1250.0,616.0,1226.0,1242.0,1680.0,933.0,2865.0,511.0,266.5,650.0,744.0,2330.0,450.0,462.0,580.0,1225.0,1495.0,325.0,1278.0,38.0
2025-05-07,66121.67,180.0,100.0,500.0,178.0,425.0,1250.0,616.0,1226.0,1242.0,1680.0,933.0,2865.0,511.0,266.5,650.0,744.0,2330.0,450.0,462.0,580.0,1225.0,1495.0,325.0,1278.0,38.0
2025-05-08,66121.67,180.0,100.0,500.0,178.0,425.0,1250.0,616.0,1226.0,1242.0,1680.0,933.0,2865.0,511.0,266.5,650.0,744.0,2330.0,450.0,462.0,580.0,1225.0,1495.0,325.0,1278.0,38.0
2025-05-09,66121.67,180.0,100.0,500.0,178.0,425.0,1250.0,616.0,1226.0,1242.0,1680.0,933.0,2865.0,511.0,266.5,650.0,744.0,2330.0,450.0,462.0,580.0,1225.0,1495.0,325.0,1278.0,38.0
2025-05-10,66121.67,180.0,100.0,500.0,178.0,425.0,1250.0,616.0,1226.0,1242.0,1680.0,933.0,2865.0,511.0,266.5,650.0,744.0,2330.0,450.0,462.0,580.0,1225.0,1495.0,325.0,1278.0,38.0
2025-05-11,66121.67,180.0,100.0,500.0,178.0,425.0,1250.0,616.0,1226.0,1242.0,1680.0,933.0,2865.0,511.0,266.5,650.0,744.0,2330.0,450.0,462.0,580.0,1225.0,1495.0,325.0,1278.0,38.0
2025-05-12,66121.67,180.0,100.0,500.0,178.0,425.0,1250.0,616.0,1226.0,1242.0,1680.0,933.0,2865.0,511.0,266.5,650.0,744.0,2330.0,450.0,462.0,580.0,1225.0,1495.0,325.0,1278.0,38.0
2025-05-13,66121.67,180.0,100.0,500.0,178.0,425.0,1250.0,616.0,1226.0,1242.0,1680.0,933.0,2865.0,511.0,266.5,650.0,744.0,2330.0,450.0,462.0,580.0,1225.0,1495.0,325.0,1278.0,38.0
2025-05-14,66121.67,180.0,100.0,500.0,178.0,425.0,1250.0,616.0,1226.0,1242.0,1680.0,933.0,2865.0,511.0,266.5,650.0,744.0,2330.0,450.0,462.0,580.0,1225.0,1495.0,325.0,1278.0,38.0
2025-05-15,66121.67,180.0,100.0,500.0,178.0,425.0,1250.0,616.0,1226.0,1242.0,1680.0,933.0,2865.0,511.0,266.5,650.0,744.0,2330.0,450.0,462.0,580.0,1225.0,1495.0,325.0,1278.0,38.0
2025-05-16,66121.67,180.0,100.0,500.0,178.0,425.0,1250.0,616.0,1226.0,1242.0,1680.0,933.0,2865.0,511.0,266.5,650.0,744.0,2330.0,450.0,462.0,580.0,1225.0,1495.0,325.0,1278.0,38.0
2025-05-17,66121.67,180.0,100.0,500.0,178.0,425.0,1250.0,616.0,1226.0,1242.0,1680.0,933.0,2865.0,511.0,266.5,650.0,744.0,2330.0,450.0,462.0,580.0,1225.0,1495.0,325.0,1278.0,38.0
2025-05-18,66121.67,180.0,100.0,500.0,178.0,425.0,1250.0,616.0,1226.0,1242.0,1680.0,933.0,2865.0,511.0,266.5,650.0,744.0,2330.0,450.0,462.0,580.0,1225.0,1495.0,325.0,1278.0,38.0
2025-05-19,66121.67,180.0,100.0,500.0,178.0,425.0,1250.0,616.0,1226.0,1242.0,1680.0,933.0,2865.0,511.0,266.5,650.0,744.0,2330.0,450.0,462.0,580.0,1225.0,1495.0,325.0,1278.0,38.0
2025-05-20,66121.67,180.0,100.0,500.0,178.0,425.0,1250.0,616.0,1226.0,1242.0,1680.0,933.0,2865.0,511.0,266.5,650.0,744.0,2330.0,450.0,462.0,580.0,1225.0,1495.0,325.0,1278.0,38.0
2025-05-21,66121.67,180.0,100.0,500.0,178.0,425.0,1250.0,616.0,1226.0,1242.0,1680.0,933.0,2865.0,511.0,266.5,650.0,744.0,2330.0,450.0,462.0,580.0,1225.0,1495.0,325.0,1278.0,38.0
2025-05-22,66121.67,180.0,100.0,500.0,178.0,425.0,1250.0,616.0,1226.0,1242.0,1680.0,933.0,2865.0,511.0,266.5,650.0,744.0,2330.0,450.0,462.0,580.0,1225.0,1495.0,325.0,1278.0,38.0
2025-05-23,66121.67,180.0,100.0,500.0,178.0,425.0,1250.0,616.0,1226.0,1242.0,1680.0,933.0,2865.0,511.0,266.5,650.0,744.0,2330.0,450.0,462.0,580.0,1225.0,1495.0,325.0,1278.0,38.0
2025-05-24,66121.67,180.0,100.0,500.0,178.0,425.0,1250.0,616.0,1226.0,1242.0,1680.0,933.0,2865.0,511.0,266.5,650.0,744.0,2330.0,450.0,462.0,580.0,1225.0,1495.0,325.0,1278.0,38.0
2025-05-25,66121.67,180.0,100.0,500.0,178.0,425.0,1250.0,616.0,1226.0,1242.0,1680.0,933.0,2865.0,511.0,266.5,650.0,744.0,2330.0,450.0,462.0,580.0,1225.0,1495.0,325.0,1278.0,38.0
2025-05-26,66121.67,180.0,100.0,500.0,178.0,425.0,1250.0,616.0,1226.0,1242.0,1680.0,933.0,2865.0,511.0,266.5,650.0,744.0,2330.0,450.0,462.0,580.0,1225.0,1495.0,325.0,1278.0,38.0
2025-05-27,66121.67,180.0,100.0,500.0,178.0,425.0,1250.0,616.0,1226.0,1242.0,1680.0,933.0,2865.0,511.0,266.5,650.0,744.0,2330.0,450.0,462.0,580.0,1225.0,1495.0,325.0,1278.0,38.0
2025-05-28,66121.67,180.0,100.0,500.0,178.0,425.0,1250.0,616.0,1226.0,1242.0,1680.0,933.0,2865.0,511.0,266.5,650.0,744.0,2330.0,450.0,462.0,580.0,1225.0,1495.0,325.0,1278.0,38.0
2025-05-29,66121.67,180.0,100.0,500.0,178.0,425.0,1250.0,616.0,1226.0,1242.0,1680.0,933.0,2865.0,511.0,266.5,650.0,744.0,2330.0,450.0,462.0,580.0,1225.0,1495.0,325.0,1278.0,38.0
2025-05-30,66121.67,180.0,100.0,500.0,178.0,425.0,1250.0,616.0,1226.0,1242.0,1680.0,933.0,2865.0,511.0,266.5,650.0,744.0,2330.0,450.0,462.0,580.0,1225.0,1495.0,325.0,1278.0,38.0
2025-05-31,66121.67,180.0,100.0,500.0,178.0,425.0,1250.0,616.0,1226.0,1242.0,1680.0,933.0,2865.0,511.0,266.5,650.0,744.0,2330.0,450.0,462.0,580.0,1225.0,1495.0,325.0,1278.0,38.0
2025-06-01,66121.67,180.0,100.0,500.0,178.0,425.0,1250.0,616.0,1226.0,1242.0,1680.0,933.0,2865.0,511.0,266.5,650.0,744.0,2330.0,450.0,462.0,580.0,1225.0,1495.0,325.0,1278.0,38.0
2025-06-02,66121.67,180.0,100.0,500.0,178.0,425.0,1250.0,616.0,1226.0,1242.0,1680.0,933.0,2865.0,511.0,266.5,650.0,744.0,2330.0,450.0,462.0,580.0,1225.0,1495.0,325.0,1278.0,38.0
2025-06-03,66121.67,180.0,100.0,500.0,178.0,425.0,1250.0,616.0,1226.0,1242.0,1680.0,933.0,2865.0,511.0,266.5,650.0,744.0,2330.0,450.0,462.0,580.0,1225.0,1495.0,325.0,1278.0,38.0
2025-06-04,66121.67,180.0,100.0,500.0,178.0,425.0,1250.0,616.0,1226.0,1242.0,1680.0,933.0,2865.0,511.0,266.5,650.0,744.0,2330.0,450.0,462.0,580.0,1225.0,1495.0,325.0,1278.0,38.0
2025-06-05,66121.67,180.0,100.0,500.0,178.0,425.0,1250.0,616.0,1226.0,1242.0,1680.0,933.0,2865.0,511.0,266.5,650.0,744.0,2330.0,450.0,462.0,580.0,1225.0,1495.0,325.0,1278.0,38.0
2025-06-06,66121.67,180.0,100.0,500.0,178.0,425.0,1250.0,616.0,1226.0,1242.0,1680.0,933.0,2865.0,511.0,266.5,650.0,744.0,2330.0,450.0,462.0,580.0,1225.0,1495.0,325.0,1278.0,38.0
2025-06-07,66121.67,180.0,100.0,500.0,178.0,425.0,1250.0,616.0,1226.0,1242.0,1680.0,933.0,2865.0,511.0,266.5,650.0,744.0,2330.0,450.0,462.0,580.0,1225.0,1495.0,325.0,1278.0,38.0
2025-06-08,66121.67,180.0,100.0,500.0,178.0,425.0,1250.0,616.0,1226.0,1242.0,1680.0,933.0,2865.0,511.0,266.5,650.0,744.0,2330.0,450.0,462.0,580.0,1225.0,1495.0,325.0,1278.0,38.0
2025-06-09,66121.67,180.0,100.0,500.0,178.0,425.0,1250.0,616.0,1226.0,1242.0,1680.0,933.0,2865.0,511.0,266.5,650.0,744.0,2330.0,450.0,462.0,580.0,1225.0,1495.0,325.0,1278.0,38.0
2025-06-10,66121.67,180.0,100.0,500.0,178.0,425.0,1250.0,616.0,1226.0,1242.0,1680.0,933.0,2865.0,511.0,266.5,650.0,744.0,2330.0,450.0,462.0,580.0,1225.0,1495.0,325.0,1278.0,38.0
2025-06-11,66121.67,180.0,100.0,500.0,178.0,425.0,1250.0,616.0,1226.0,1242.0,1680.0,933.0,2865.0,511.0,266.5,650.0,744.0,2330.0,450.0,462.0,580.0,1225.0,1495.0,325.0,1278.0,38.0
2025-06-12,66121.67,180.0,100.0,500.0,178.0,425.0,1250.0,616.0,1226.0,1242.0,1680.0,933.0,2865.0,511.0,266.5,650.0,744.0,2330.0,450.0,462.0,580.0,1225.0,1495.0,325.0,1278.0,38.0
2025-06-13,66121.67,180.0,100.0,500.0,178.0,425.0,1250.0,616.0,1226.0,1242.0,1680.0,933.0,2865.0,511.0,266.5,650.0,744.0,2330.0,450.0,462.0,580.0,1225.0,1495.0,325.0,1278.0,38.0
2025-06-14,66121.67,180.0,100.0,500.0,178.0,425.0,1250.0,616.0,1226.0,1242.0,1680.0,933.0,2865.0,511.0,266.5,650.0,744.0,2330.0,450.0,462.0,580.0,1225.0,1495.0,325.0,1278.0,38.0
2025-06-15,66121.67,180.0,100.0,500.0,178.0,425.0,1250.0,616.0,1226.0,1242.0,1680.0,933.0,2865.0,511.0,266.5,650.0,744.0,2330.0,450.0,462.0,580.0,1225.0,1495.0,325.0,1278.0,38.0
2025-06-16,66121.67,180.0,100.0,500.0,178.0,425.0,1250.0,616.0,1226.0,1242.0,1680.0,933.0,2865.0,511.0,266.5,650.0,744.0,2330.0,450.0,462.0,580.0,1225.0,1495.0,325.0,1278.0,38.0
2025-06-17,66121.67,180.0,100.0,500.0,178.0,425.0,1250.0,616.0,1226.0,1242.0,1680.0,933.0,2865.0,511.0,266.5,650.0,744.0,2330.0,450.0,462.0,580.0,1225.0,1495.0,325.0,1278.0,38.0
2025-06-18,66121.67,180.0,100.0,500.0,178.0,425.0,1250.0,616.0,1226.0,1242.0,1680.0,933.0,2865.0,511.0,266.5,650.0,744.0,2330.0,450.0,462.0,580.0,1225.0,1495.0,325.0,1278.0,38.0
2025-06-19,66121.67,180.0,100.0,500.0,178.0,425.0,1250.0,616.0,1226.0,1242.0,1680.0,933.0,2865.0,511.0,266.5,650.0,744.0,2330.0,450.0,462.0,580.0,1225.0,1495.0,325.0,1278.0,38.0
2025-06-20,66121.67,180.0,100.0,500.0,178.0,425.0,1250.0,616.0,1226.0,1242.0,1680.0,933.0,2865.0,511.0,266.5,650.0,744.0,2330.0,450.0,462.0,580.0,1225.0,1495.0,325.0,1278.0,38.0
2025-06-21,66121.67,180.0,100.0,500.0,178.0,425.0,1250.0,616.0,1226.0,1242.0,1680.0,933.0,2865.0,511.0,266.5,650.0,744.0,2330.0,450.0,462.0,580.0,1225.0,1495.0,325.0,1278.0,38.0
2025-06-22,66121.67,180.0,100.0,500.0,178.0,425.0,1250.0,616.0,1226.0,1242.0,1680.0,933.0,2865.0,511.0,266.5,650.0,744.0,2330.0,450.0,462.0,580.0,1225.0,1495.0,325.0,1278.0,38.0
2025-06-23,66121.67,180.0,100.0,500.0,178.0,425.0,1250.0,616.0,1226.0,1242.0,1680.0,933.0,2865.0,511.0,266.5,650.0,744.0,2330.0,450.0,462.0,580.0,1225.0,1495.0,325.0,1278.0,38.0
2025-06-24,66121.67,180.0,100.0,500.0,178.0,425.0,1250.0,616.0,1226.0,1242.0,1680.0,933.0,2865.0,511.0,266.5,650.0,744.0,2330.0,450.0,462.0,580.0,1225.0,1495.0,325.0,1278.0,38.0
2025-06-25,66121.67,180.0,100.0,500.0,178.0,425.0,1250.0,616.0,1226.0,1242.0,1680.0,933.0,2865.0,511.0,266.5,650.0,744.0,2330.0,450.0,462.0,580.0,1225.0,1495.0,325.0,1278.0,38.0
2025-06-26,66121.67,180.0,100.0,500.0,178.0,425.0,1250.0,616.0,1226.0,1242.0,1680.0,933.0,2865.0,511.0,266.5,650.0,744.0,2330.0,450.0,462.0,580.0,1225.0,1495.0,325.0,1278.0,38.0
2025-06-27,66121.67,180.0,100.0,500.0,178.0,425.0,1250.0,616.0,1226.0,1242.0,1680.0,933.0,2865.0,511.0,266.5,650.0,744.0,2330.0,450.0,462.0,580.0,1225.0,1495.0,325.0,1278.0,38.0
2025-06-28,66121.67,180.0,100.0,500.0,178.0,425.0,1250.0,616.0,1226.0,1242.0,1680.0,933.0,2865.0,511.0,266.5,650.0,744.0,2330.0,450.0,462.0,580.0,1225.0,1495.0,325.0,1278.0,38.0
2025-06-29,66121.67,180.0,100.0,500.0,178.0,425.0,1250.0,616.0,1226.0,1242.0,1680.0,933.0,2865.0,511.0,266.5,650.0,744.0,2330.0,450.0,462.0,580.0,1225.0,1495.0,325.0,1278.0,38.0
2025-06-30,66121.67,180.0,100.0,500.0,178.0,425.0,1250.0,616.0,1226.0,1242.0,1680.0,933.0,2865.0,511.0,266.5,650.0,744.0,2330.0,450.0,462.0,580.0,1225.0,1495.0,325.0,1278.0,38.0
2025-07-01,66121.67,180.0,100.0,500.0,178.0,425.0,1250.0,616.0,1226.0,1242.0,1680.0,933.0,2865.0,511.0,266.5,650.0,744.0,2330.0,450.0,462.0,580.0,1225.0,1495.0,325.0,1278.0,38.0
2025-07-02,66121.67,180.0,100.0,500.0,178.0,425.0,1250.0,616.0,1226.0,1242.0,1680.0,933.0,2865.0,511.0,266.5,650.0,744.0,2330.0,450.0,462.0,580.0,1225.0,1495.0,325.0,1278.0,38.0
2025-07-03,66121.67,180.0,100.0,500.0,178.0,425.0,1250.0,616.0,1226.0,1242.0,1680.0,933.0,2865.0,511.0,266.5,650.0,744.0,2330.0,450.0,462.0,580.0,1225.0,1495.0,325.0,1278.0,38.0
2025-07-04,66121.67,180.0,100.0,500.0,178.0,425.0,1250.0,616.0,1226.0,1242.0,1680.0,933.0,2865.0,511.0,266.5,650.0,744.0,2330.0,450.0,462.0,580.0,1225.0,1495.0,325.0,1278.0,38.0
2025-07-05,66121.67,180.0,100.0,500.0,178.0,425.0,1250.0,616.0,1226.0,1242.0,1680.0,933.0,2865.0,511.0,266.5,650.0,744.0,2330.0,450.0,462.0,580.0,1225.0,1495.0,325.0,1278.0,38.0
2025-07-06,66121.67,180.0,100.0,500.0,178.0,425.0,1250.0,616.0,1226.0,1242.0,1680.0,933.0,2865.0,511.0,266.5,650.0,744.0,2330.0,450.0,462.0,580.0,1225.0,1495.0,325.0,1278.0,38.0
2025-07-07,66121.67,180.0,100.0,500.0,178.0,425.0,1250.0,616.0,1226.0,1242.0,1680.0,933.0,2865.0,511.0,266.5,650.0,744.0,2330.0,450.0,462.0,580.0,1225.0,1495.0,325.0,1278.0,38.0
2025-07-08,66121.67,180.0,100.0,500.0,178.0,425.0,1250.0,616.0,1226.0,1242.0,1680.0,933.0,2865.0,511.0,266.5,650.0,744.0,2330.0,450.0,462.0,580.0,1225.0,1495.0,325.0,1278.0,38.0
2025-07-09,66121.67,180.0,100.0,500.0,178.0,425.0,1250.0,616.0,1226.0,1242.0,1680.0,933.0,2865.0,511.0,266.5,650.0,744.0,2330.0,450.0,462.0,580.0,1225.0,1495.0,325.0,1278.0,38.0
2025-07-10,66121.67,180.0,100.0,500.0,178.0,425.0,1250.0,616.0,1226.0,1242.0,1680.0,933.0,2865.0,511.0,266.5,650.0,744.0,2330.0,450.0,462.0,580.0,1225.0,1495.0,325.0,1278.0,38.0
2025-07-11,66121.67,180.0,100.0,500.0,178.0,425.0,1250.0,616.0,1226.0,1242.0,1680.0,933.0,2865.0,511.0,266.5,650.0,744.0,2330.0,450.0,462.0,580.0,1225.0,1495.0,325.0,1278.0,38.0
2025-07-12,66121.67,180.0,100.0,500.0,178.0,425.0,1250.0,616.0,1226.0,1242.0,1680.0,933.0,2865.0,511.0,266.5,650.0,744.0,2330.0,450.0,462.0,580.0,1225.0,1495.0,325.0,1278.0,38.0
2025-07-13,66121.67,180.0,100.0,500.0,178.0,425.0,1250.0,616.0,1226.0,1242.0,1680.0,933.0,2865.0,511.0,266.5,650.0,744.0,2330.0,450.0,462.0,580.0,1225.0,1495.0,325.0,1278.0,38.0
2025-07-14,66121.67,180.0,100.0,500.0,178.0,425.0,1250.0,616.0,1226.0,1242.0,1680.0,933.0,2865.0,511.0,266.5,650.0,744.0,2330.0,450.0,462.0,580.0,1225.0,1495.0,325.0,1278.0,38.0
2025-07-15,66121.67,180.0,100.0,500.0,178.0,425.0,1250.0,616.0,1226.0,1242.0,1680.0,933.0,2865.0,511.0,266.5,650.0,744.0,2330.0,450.0,462.0,580.0,1225.0,1495.0,325.0,1278.0,38.0
2025-07-16,66121.67,180.0,100.0,500.0,178.0,425.0,1250.0,616.0,1226.0,1242.0,1680.0,933.0,2865.0,511.0,266.5,650.0,744.0,2330.0,450.0,462.0,580.0,1225.0,1495.0,325.0,1278.0,38.0
2025-07-17,66121.67,180.0,100.0,500.0,178.0,425.0,1250.0,616.0,1226.0,1242.0,1680.0,933.0,2865.0,511.0,266.5,650.0,744.0,2330.0,450.0,462.0,580.0,1225.0,1495.0,325.0,1278.0,38.0
2025-07-18,66121.67,180.0,100.0,500.0,178.0,425.0,1250.0,616.0,1226.0,1242.0,1680.0,933.0,2865.0,511.0,266.5,650.0,744.0,2330.0,450.0,462.0,580.0,1225.0,1495.0,325.0,1278.0,38.0
2025-07-19,66121.67,180.0,100.0,500.0,178.0,425.0,1250.0,616.0,1226.0,1242.0,1680.0,933.0,2865.0,511.0,266.5,650.0,744.0,2330.0,450.0,462.0,580.0,1225.0,1495.0,325.0,1278.0,38.0
2025-07-20,66121.67,180.0,100.0,500.0,178.0,425.0,1250.0,616.0,1226.0,1242.0,1680.0,933.0,2865.0,511.0,266.5,650.0,744.0,2330.0,450.0,462.0,580.0,1225.0,1495.0,325.0,1278.0,38.0
2025-07-21,66121.67,180.0,100.0,500.0,178.0,425.0,1250.0,616.0,1226.0,1242.0,1680.0,933.0,2865.0,511.0,266.5,650.0,744.0,2330.0,450.0,462.0,580.0,1225.0,1495.0,325.0,1278.0,38.0
2025-07-22,66121.67,180.0,100.0,500.0,178.0,425.0,1250.0,616.0,1226.0,1242.0,1680.0,933.0,2865.0,511.0,266.5,650.0,744.0,2330.0,450.0,462.0,580.0,1225.0,1495.0,325.0,1278.0,38.0
2025-07-23,66121.67,180.0,100.0,500.0,178.0,425.0,1250.0,616.0,1226.0,1242.0,1680.0,933.0,2865.0,511.0,266.5,650.0,744.0,2330.0,450.0,462.0,580.0,1225.0,1495.0,325.0,1278.0,38.0
2025-07-24,66121.67,180.0,100.0,500.0,178.0,425.0,1250.0,616.0,1226.0,1242.0,1680.0,933.0,2865.0,511.0,266.5,650.0,744.0,2330.0,450.0,462.0,580.0,1225.0,1495.0,325.0,1278.0,38.0
2025-07-25,66121.67,180.0,100.0,500.0,178.0,425.0,1250.0,616.0,1226.0,1242.0,1680.0,933.0,2865.0,511.0,266.5,650.0,744.0,2330.0,450.0,462.0,580.0,1225.0,1495.0,325.0,1278.0,38.0
2025-07-26,66121.67,180.0,100.0,500.0,178.0,425.0,1250.0,616.0,1226.0,1242.0,1680.0,933.0,2865.0,511.0,266.5,650.0,744.0,2330.0,450.0,462.0,580.0,1225.0,1495.0,325.0,1278.0,38.0
2025-07-27,66121.67,180.0,100.0,500.0,178.0,425.0,1250.0,616.0,1226.0,1242.0,1680.0,933.0,2865.0,511.0,266.5,650.0,744.0,2330.0,450.0,462.0,580.0,1225.0,1495.0,325.0,1278.0,38.0
2025-07-28,66121.67,180.0,100.0,500.0,178.0,425.0,1250.0,616.0,1226.0,1242.0,1680.0,933.0,2865.0,511.0,266.5,650.0,744.0,2330.0,450.0,462.0,580.0,1225.0,1495.0,325.0,1278.0,38.0
2025-07-29,66121.67,180.0,100.0,500.0,178.0,425.0,1250.0,616.0,1226.0,1242.0,1680.0,933.0,2865.0,511.0,266.5,650.0,744.0,2330.0,450.0,462.0,580.0,1225.0,1495.0,325.0,1278.0,38.0
2025-07-30,66121.67,180.0,100.0,500.0,178.0,425.0,1250.0,616.0,1226.0,1242.0,1680.0,933.0,2865.0,511.0,266.5,650.0,744.0,2330.0,450.0,462.0,580.0,1225.0,1495.0,325.0,1278.0,38.0
2025-07-31,66121.67,180.0,100.0,500.0,178.0,425.0,1250.0,616.0,1226.0,1242.0,1680.0,933.0,2865.0,511.0,266.5,650.0,744.0,2330.0,450.0,462.0,580.0,1225.0,1495.0,325.0,1278.0,38.0
2025-08-01,66121.67,180.0,100.0,500.0,178.0,425.0,1250.0,616.0,1226.0,1242.0,1680.0,933.0,2865.0,511.0,266.5,650.0,744.0,2330.0,450.0,462.0,580.0,1225.0,1495.0,325.0,1278.0,38.0
2025-08-02,66121.67,180.0,100.0,500.0,178.0,425.0,1250.0,616.0,1226.0,1242.0,1680.0,933.0,2865.0,511.0,266.5,650.0,744.0,2330.0,450.0,462.0,580.0,1225.0,1495.0,325.0,1278.0,38.0
2025-08-03,66121.67,180.0,100.0,500.0,178.0,425.0,1250.0,616.0,1226.0,1242.0,1680.0,933.0,2865.0,511.0,266.5,650.0,744.0,2330.0,450.0,462.0,580.0,1225.0,1495.0,325.0,1278.0,38.0
2025-08-04,66121.67,180.0,100.0,500.0,178.0,425.0,1250.0,616.0,1226.0,1242.0,1680.0,933.0,2865.0,511.0,266.5,650.0,744.0,2330.0,450.0,462.0,580.0,1225.0,1495.0,325.0,1278.0,38.0
2025-08-05,66121.67,180.0,100.0,500.0,178.0,425.0,1250.0,616.0,1226.0,1242.0,1680.0,933.0,2865.0,511.0,266.5,650.0,744.0,2330.0,450.0,462.0,580.0,1225.0,1495.0,325.0,1278.0,38.0
2025-08-06,66121.67,180.0,100.0,500.0,178.0,425.0,1250.0,616.0,1226.0,1242.0,1680.0,933.0,2865.0,511.0,266.5,650.0,744.0,2330.0,450.0,462.0,580.0,1225.0,1495.0,325.0,1278.0,38.0
2025-08-07,66121.67,180.0,100.0,500.0,178.0,425.0,1250.0,616.0,1226.0,1242.0,1680.0,933.0,2865.0,511.0,266.5,650.0,744.0,2330.0,450.0,462.0,580.0,1225.0,1495.0,325.0,1278.0,38.0
2025-08-08,66121.67,180.0,100.0,500.0,178.0,425.0,1250.0,616.0,1226.0,1242.0,1680.0,933.0,2865.0,511.0,266.5,650.0,744.0,2330.0,450.0,462.0,580.0,1225.0,1495.0,325.0,1278.0,38.0
2025-08-09,66121.67,180.0,100.0,500.0,178.0,425.0,1250.0,616.0,1226.0,1242.0,1680.0,933.0,2865.0,511.0,266.5,650.0,744.0,2330.0,450.0,462.0,580.0,1225.0,1495.0,325.0,1278.0,38.0
2025-08-10,66121.67,180.0,100.0,500.0,178.0,425.0,1250.0,616.0,1226.0,1242.0,1680.0,933.0,2865.0,511.0,266.5,650.0,744.0,2330.0,450.0,462.0,580.0,1225.0,1495.0,325.0,1278.0,38.0
2025-08-11,66121.67,180.0,100.0,500.0,178.0,425.0,1250.0,616.0,1226.0,1242.0,1680.0,933.0,2865.0,511.0,266.5,650.0,744.0,2330.0,450.0,462.0,580.0,1225.0,1495.0,325.0,1278.0,38.0
2025-08-12,66121.67,180.0,100.0,500.0,178.0,425.0,1250.0,616.0,1226.0,1242.0,1680.0,933.0,2865.0,511.0,266.5,650.0,744.0,2330.0,450.0,462.0,580.0,1225.0,1495.0,325.0,1278.0,38.0
2025-08-13,66121.67,180.0,100.0,500.0,178.0,425.0,1250.0,616.0,1226.0,1242.0,1680.0,933.0,2865.0,511.0,266.5,650.0,744.0,2330.0,450.0,462.0,580.0,1225.0,1495.0,325.0,1278.0,38.0
2025-08-14,66121.67,180.0,100.0,500.0,178.0,425.0,1250.0,616.0,1226.0,1242.0,1680.0,933.0,2865.0,511.0,266.5,650.0,744.0,2330.0,450.0,462.0,580.0,1225.0,1495.0,325.0,1278.0,38.0
2025-08-15,66121.67,180.0,100.0,500.0,178.0,425.0,1250.0,616.0,1226.0,1242.0,1680.0,933.0,2865.0,511.0,266.5,650.0,744.0,2330.0,450.0,462.0,580.0,1225.0,1495.0,325.0,1278.0,38.0
2025-08-16,66121.67,180.0,100.0,500.0,178.0,425.0,1250.0,616.0,1226.0,1242.0,1680.0,933.0,2865.0,511.0,266.5,650.0,744.0,2330.0,450.0,462.0,580.0,1225.0,1495.0,325.0,1278.0,38.0
2025-08-17,66121.67,180.0,100.0,500.0,178.0,425.0,1250.0,616.0,1226.0,1242.0,1680.0,933.0,2865.0,511.0,266.5,650.0,744.0,2330.0,450.0,462.0,580.0,1225.0,1495.0,325.0,1278.0,38.0
2025-08-18,66121.67,180.0,100.0,500.0,178.0,425.0,1250.0,616.0,1226.0,1242.0,1680.0,933.0,2865.0,511.0,266.5,650.0,744.0,2330.0,450.0,462.0,580.0,1225.0,1495.0,325.0,1278.0,38.0
2025-08-19,66121.67,180.0,100.0,500.0,178.0,425.0,1250.0,616.0,1226.0,1242.0,1680.0,933.0,2865.0,511.0,266.5,650.0,744.0,2330.0,450.0,462.0,580.0,1225.0,1495.0,325.0,1278.0,38.0
2025-08-20,66121.67,180.0,100.0,500.0,178.0,425.0,1250.0,616.0,1226.0,1242.0,1680.0,933.0,2865.0,511.0,266.5,650.0,744.0,2330.0,450.0,462.0,580.0,1225.0,1495.0,325.0,1278.0,38.0
2025-08-21,66121.67,180.0,100.0,500.0,178.0,425.0,1250.0,616.0,1226.0,1242.0,1680.0,933.0,2865.0,511.0,266.5,650.0,744.0,2330.0,450.0,462.0,580.0,1225.0,1495.0,325.0,1278.0,38.0
2025-08-22,66121.67,180.0,100.0,500.0,178.0,425.0,1250.0,616.0,1226.0,1242.0,1680.0,933.0,2865.0,511.0,266.5,650.0,744.0,2330.0,450.0,462.0,580.0,1225.0,1495.0,325.0,1278.0,38.0
2025-08-23,66121.67,180.0,100.0,500.0,178.0,425.0,1250.0,616.0,1226.0,1242.0,1680.0,933.0,2865.0,511.0,266.5,650.0,744.0,2330.0,450.0,462.0,580.0,1225.0,1495.0,325.0,1278.0,38.0
2025-08-24,66121.67,180.0,100.0,500.0,178.0,425.0,1250.0,616.0,1226.0,1242.0,1680.0,933.0,2865.0,511.0,266.5,650.0,744.0,2330.0,450.0,462.0,580.0,1225.0,1495.0,325.0,1278.0,38.0
2025-08-25,66121.67,180.0,100.0,500.0,178.0,425.0,1250.0,616.0,1226.0,1242.0,1680.0,933.0,2865.0,511.0,266.5,650.0,744.0,2330.0,450.0,462.0,580.0,1225.0,1495.0,325.0,1278.0,38.0
2025-08-26,66121.67,180.0,100.0,500.0,178.0,425.0,1250.0,616.0,1226.0,1242.0,1680.0,933.0,2865.0,511.0,266.5,650.0,744.0,2330.0,450.0,462.0,580.0,1225.0,1495.0,325.0,1278.0,38.0
2025-08-27,66121.67,180.0,100.0,500.0,178.0,425.0,1250.0,616.0,1226.0,1242.0,1680.0,933.0,2865.0,511.0,266.5,650.0,744.0,2330.0,450.0,462.0,580.0,1225.0,1495.0,325.0,1278.0,38.0
2025-08-28,66121.67,180.0,100.0,500.0,178.0,425.0,1250.0,616.0,1226.0,1242.0,1680.0,933.0,2865.0,511.0,266.5,650.0,744.0,2330.0,450.0,462.0,580.0,1225.0,1495.0,325.0,1278.0,38.0
2025-08-29,66121.67,180.0,100.0,500.0,178.0,425.0,1250.0,616.0,1226.0,1242.0,1680.0,933.0,2865.0,511.0,266.5,650.0,744.0,2330.0,450.0,462.0,580.0,1225.0,1495.0,325.0,1278.0,38.0
2025-08-30,66121.67,180.0,100.0,500.0,178.0,425.0,1250.0,616.0,1226.0,1242.0,1680.0,933.0,2865.0,511.0,266.5,650.0,744.0,2330.0,450.0,462.0,580.0,1225.0,1495.0,325.0,1278.0,38.0
2025-08-31,66121.67,180.0,100.0,500.0,178.0,425.0,1250.0,616.0,1226.0,1242.0,1680.0,933.0,2865.0,511.0,266.5,650.0,744.0,2330.0,450.0,462.0,580.0,1225.0,1495.0,325.0,1278.0,38.0
2025-09-01,66121.67,180.0,100.0,500.0,178.0,425.0,1250.0,616.0,1226.0,1242.0,1680.0,933.0,2865.0,511.0,266.5,650.0,744.0,2330.0,450.0,462.0,580.0,1225.0,1495.0,325.0,1278.0,38.0
2025-09-02,66121.67,180.0,100.0,500.0,178.0,425.0,1250.0,616.0,1226.0,1242.0,1680.0,933.0,2865.0,511.0,266.5,650.0,744.0,2330.0,450.0,462.0,580.0,1225.0,1495.0,325.0,1278.0,38.0
2025-09-03,66121.67,180.0,100.0,500.0,178.0,425.0,1250.0,616.0,1226.0,1242.0,1680.0,933.0,2865.0,511.0,266.5,650.0,744.0,2330.0,450.0,462.0,580.0,1225.0,1495.0,325.0,1278.0,38.0
2025-09-04,66121.67,180.0,100.0,500.0,178.0,425.0,1250.0,616.0,1226.0,1242.0,1680.0,933.0,2865.0,511.0,266.5,650.0,744.0,2330.0,450.0,462.0,580.0,1225.0,1495.0,325.0,1278.0,38.0
2025-09-05,66121.67,180.0,100.0,500.0,178.0,425.0,1250.0,616.0,1226.0,1242.0,1680.0,933.0,2865.0,511.0,266.5,650.0,744.0,2330.0,450.0,462.0,580.0,1225.0,1495.0,325.0,1278.0,38.0
2025-09-06,66121.67,180.0,100.0,500.0,178.0,425.0,1250.0,616.0,1226.0,1242.0,1680.0,933.0,2865.0,511.0,266.5,650.0,744.0,2330.0,450.0,462.0,580.0,1225.0,1495.0,325.0,1278.0,38.0
2025-09-07,66121.67,180.0,100.0,500.0,178.0,425.0,1250.0,616.0,1226.0,1242.0,1680.0,933.0,2865.0,511.0,266.5,650.0,744.0,2330.0,450.0,462.0,580.0,1225.0,1495.0,325.0,1278.0,38.0
2025-09-08,66121.67,180.0,100.0,500.0,178.0,425.0,1250.0,616.0,1226.0,1242.0,1680.0,933.0,2865.0,511.0,266.5,650.0,744.0,2330.0,450.0,462.0,580.0,1225.0,1495.0,325.0,1278.0,38.0
2025-09-09,66121.67,180.0,100.0,500.0,178.0,425.0,1250.0,616.0,1226.0,1242.0,1680.0,933.0,2865.0,511.0,266.5,650.0,744.0,2330.0,450.0,462.0,580.0,1225.0,1495.0,325.0,1278.0,38.0
2025-09-10,66121.67,180.0,100.0,500.0,178.0,425.0,1250.0,616.0,1226.0,1242.0,1680.0,933.0,2865.0,511.0,266.5,650.0,744.0,2330.0,450.0,462.0,580.0,1225.0,1495.0,325.0,1278.0,38.0
2025-09-11,66121.67,180.0,100.0,500.0,178.0,425.0,1250.0,616.0,1226.0,1242.0,1680.0,933.0,2865.0,511.0,266.5,650.0,744.0,2330.0,450.0,462.0,580.0,1225.0,1495.0,325.0,1278.0,38.0
2025-09-12,66121.67,180.0,100.0,500.0,178.0,425.0,1250.0,616.0,1226.0,1242.0,1680.0,933.0,2865.0,511.0,266.5,650.0,744.0,2330.0,450.0,462.0,580.0,1225.0,1495.0,325.0,1278.0,38.0
2025-09-13,66121.67,180.0,100.0,500.0,178.0,425.0,1250.0,616.0,1226.0,1242.0,1680.0,933.0,2865.0,511.0,266.5,650.0,744.0,2330.0,450.0,462.0,580.0,1225.0,1495.0,325.0,1278.0,38.0
2025-09-14,66121.67,180.0,100.0,500.0,178.0,425.0,1250.0,616.0,1226.0,1242.0,1680.0,933.0,2865.0,511.0,266.5,650.0,744.0,2330.0,450.0,462.0,580.0,1225.0,1495.0,325.0,1278.0,38.0
2025-09-15,66121.67,180.0,100.0,500.0,178.0,425.0,1250.0,616.0,1226.0,1242.0,1680.0,933.0,2865.0,511.0,266.5,650.0,744.0,2330.0,450.0,462.0,580.0,1225.0,1495.0,325.0,1278.0,38.0
2025-09-16,66121.67,180.0,100.0,500.0,178.0,425.0,1250.0,616.0,1226.0,1242.0,1680.0,933.0,2865.0,511.0,266.5,650.0,744.0,2330.0,450.0,462.0,580.0,1225.0,1495.0,325.0,1278.0,38.0
2025-09-17,66121.67,180.0,100.0,500.0,178.0,425.0,1250.0,616.0,1226.0,1242.0,1680.0,933.0,2865.0,511.0,266.5,650.0,744.0,2330.0,450.0,462.0,580.0,1225.0,1495.0,325.0,1278.0,38.0
2025-09-18,66121.67,180.0,100.0,500.0,178.0,425.0,1250.0,616.0,1226.0,1242.0,1680.0,933.0,2865.0,511.0,266.5,650.0,744.0,2330.0,450.0,462.0,580.0,1225.0,1495.0,325.0,1278.0,38.0
2025-09-19,66121.67,180.0,100.0,500.0,178.0,425.0,1250.0,616.0,1226.0,1242.0,1680.0,933.0,2865.0,511.0,266.5,650.0,744.0,2330.0,450.0,462.0,580.0,1225.0,1495.0,325.0,1278.0,38.0
2025-09-20,66121.67,180.0,100.0,500.0,178.0,425.0,1250.0,616.0,1226.0,1242.0,1680.0,933.0,2865.0,511.0,266.5,650.0,744.0,2330.0,450.0,462.0,580.0,1225.0,1495.0,325.0,1278.0,38.0
2025-09-21,66121.67,180.0,100.0,500.0,178.0,425.0,1250.0,616.0,1226.0,1242.0,1680.0,933.0,2865.0,511.0,266.5,650.0,744.0,2330.0,450.0,462.0,580.0,1225.0,1495.0,325.0,1278.0,38.0
2025-09-22,66121.67,180.0,100.0,500.0,178.0,425.0,1250.0,616.0,1226.0,1242.0,1680.0,933.0,2865.0,511.0,266.5,650.0,744.0,2330.0,450.0,462.0,580.0,1225.0,1495.0,325.0,1278.0,38.0
2025-09-23,66121.67,180.0,100.0,500.0,178.0,425.0,1250.0,616.0,1226.0,1242.0,1680.0,933.0,2865.0,511.0,266.5,650.0,744.0,2330.0,450.0,462.0,580.0,1225.0,1495.0,325.0,1278.0,38.0
2025-09-24,66121.67,180.0,100.0,500.0,178.0,425.0,1250.0,616.0,1226.0,1242.0,1680.0,933.0,2865.0,511.0,266.5,650.0,744.0,2330.0,450.0,462.0,580.0,1225.0,1495.0,325.0,1278.0,38.0
2025-09-25,66121.67,180.0,100.0,500.0,178.0,425.0,1250.0,616.0,1226.0,1242.0,1680.0,933.0,2865.0,511.0,266.5,650.0,744.0,2330.0,450.0,462.0,580.0,1225.0,1495.0,325.0,1278.0,38.0
2025-09-26,66121.67,180.0,100.0,500.0,178.0,425.0,1250.0,616.0,1226.0,1242.0,1680.0,933.0,2865.0,511.0,266.5,650.0,744.0,2330.0,450.0,462.0,580.0,1225.0,1495.0,325.0,1278.0,38.0
2025-09-27,66121.67,180.0,100.0,500.0,178.0,425.0,1250.0,616.0,1226.0,1242.0,1680.0,933.0,2865.0,511.0,266.5,650.0,744.0,2330.0,450.0,462.0,580.0,1225.0,1495.0,325.0,1278.0,38.0
2025-09-28,66121.67,180.0,100.0,500.0,178.0,425.0,1250.0,616.0,1226.0,1242.0,1680.0,933.0,2865.0,511.0,266.5,650.0,744.0,2330.0,450.0,462.0,580.0,1225.0,1495.0,325.0,1278.0,38.0
2025-09-29,66121.67,180.0,100.0,500.0,178.0,425.0,1250.0,616.0,1226.0,1242.0,1680.0,933.0,2865.0,511.0,266.5,650.0,744.0,2330.0,450.0,462.0,580.0,1225.0,1495.0,325.0,1278.0,38.0
2025-09-30,66121.67,180.0,100.0,500.0,178.0,425.0,1250.0,616.0,1226.0,1242.0,1680.0,933.0,2865.0,511.0,266.5,650.0,744.0,2330.0,450.0,462.0,580.0,1225.0,1495.0,325.0,1278.0,38.0
2025-10-01,66121.67,180.0,100.0,500.0,178.0,425.0,1250.0,616.0,1226.0,1242.0,1680.0,933.0,2865.0,511.0,266.5,650.0,744.0,2330.0,450.0,462.0,580.0,1225.0,1495.0,325.0,1278.0,38.0
2025-10-02,66121.67,180.0,100.0,500.0,178.0,425.0,1250.0,616.0,1226.0,1242.0,1680.0,933.0,2865.0,511.0,266.5,650.0,744.0,2330.0,450.0,462.0,580.0,1225.0,1495.0,325.0,1278.0,38.0
2025-10-03,66121.67,180.0,100.0,500.0,178.0,425.0,1250.0,616.0,1226.0,1242.0,1680.0,933.0,2865.0,511.0,266.5,650.0,744.0,2330.0,450.0,462.0,580.0,1225.0,1495.0,325.0,1278.0,38.0
2025-10-04,66121.67,180.0,100.0,500.0,178.0,425.0,1250.0,616.0,1226.0,1242.0,1680.0,933.0,2865.0,511.0,266.5,650.0,744.0,2330.0,450.0,462.0,580.0,1225.0,1495.0,325.0,1278.0,38.0
2025-10-05,66121.67,180.0,100.0,500.0,178.0,425.0,1250.0,616.0,1226.0,1242.0,1680.0,933.0,2865.0,511.0,266.5,650.0,744.0,2330.0,450.0,462.0,580.0,1225.0,1495.0,325.0,1278.0,38.0
2025-10-06,66121.67,180.0,100.0,500.0,178.0,425.0,1250.0,616.0,1226.0,1242.0,1680.0,933.0,2865.0,511.0,266.5,650.0,744.0,2330.0,450.0,462.0,580.0,1225.0,1495.0,325.0,1278.0,38.0
2025-10-07,66121.67,180.0,100.0,500.0,178.0,425.0,1250.0,616.0,1226.0,1242.0,1680.0,933.0,2865.0,511.0,266.5,650.0,744.0,2330.0,450.0,462.0,580.0,1225.0,1495.0,325.0,1278.0,38.0
2025-10-08,66121.67,180.0,100.0,500.0,178.0,425.0,1250.0,616.0,1226.0,1242.0,1680.0,933.0,2865.0,511.0,266.5,650.0,744.0,2330.0,450.0,462.0,580.0,1225.0,1495.0,325.0,1278.0,38.0
2025-10-09,66121.67,180.0,100.0,500.0,178.0,425.0,1250.0,616.0,1226.0,1242.0,1680.0,933.0,2865.0,511.0,266.5,650.0,744.0,2330.0,450.0,462.0,580.0,1225.0,1495.0,325.0,1278.0,38.0
2025-10-10,66121.67,180.0,100.0,500.0,178.0,425.0,1250.0,616.0,1226.0,1242.0,1680.0,933.0,2865.0,511.0,266.5,650.0,744.0,2330.0,450.0,462.0,580.0,1225.0,1495.0,325.0,1278.0,38.0
2025-10-11,66121.67,180.0,100.0,500.0,178.0,425.0,1250.0,616.0,1226.0,1242.0,1680.0,933.0,2865.0,511.0,266.5,650.0,744.0,2330.0,450.0,462.0,580.0,1225.0,1495.0,325.0,1278.0,38.0
2025-10-12,66121.67,180.0,100.0,500.0,178.0,425.0,1250.0,616.0,1226.0,1242.0,1680.0,933.0,2865.0,511.0,266.5,650.0,744.0,2330.0,450.0,462.0,580.0,1225.0,1495.0,325.0,1278.0,38.0
2025-10-13,66121.67,180.0,100.0,500.0,178.0,425.0,1250.0,616.0,1226.0,1242.0,1680.0,933.0,2865.0,511.0,266.5,650.0,744.0,2330.0,450.0,462.0,580.0,1225.0,1495.0,325.0,1278.0,38.0
2025-10-14,66121.67,180.0,100.0,500.0,178.0,425.0,1250.0,616.0,1226.0,1242.0,1680.0,933.0,2865.0,511.0,266.5,650.0,744.0,2330.0,450.0,462.0,580.0,1225.0,1495.0,325.0,1278.0,38.0
2025-10-15,66121.67,180.0,100.0,500.0,178.0,425.0,1250.0,616.0,1226.0,1242.0,1680.0,933.0,2865.0,511.0,266.5,650.0,744.0,2330.0,450.0,462.0,580.0,1225.0,1495.0,325.0,1278.0,38.0
2025-10-16,66121.67,180.0,100.0,500.0,178.0,425.0,1250.0,616.0,1226.0,1242.0,1680.0,933.0,2865.0,511.0,266.5,650.0,744.0,2330.0,450.0,462.0,580.0,1225.0,1495.0,325.0,1278.0,38.0
2025-10-17,66121.67,180.0,100.0,500.0,178.0,425.0,1250.0,616.0,1226.0,1242.0,1680.0,933.0,2865.0,511.0,266.5,650.0,744.0,2330.0,450.0,462.0,580.0,1225.0,1495.0,325.0,1278.0,38.0
2025-10-18,66121.67,180.0,100.0,500.0,178.0,425.0,1250.0,616.0,1226.0,1242.0,1680.0,933.0,2865.0,511.0,266.5,650.0,744.0,2330.0,450.0,462.0,580.0,1225.0,1495.0,325.0,1278.0,38.0
2025-10-19,66121.67,180.0,100.0,500.0,178.0,425.0,1250.0,616.0,1226.0,1242.0,1680.0,933.0,2865.0,511.0,266.5,650.0,744.0,2330.0,450.0,462.0,580.0,1225.0,1495.0,325.0,1278.0,38.0
2025-10-20,66121.67,180.0,100.0,500.0,178.0,425.0,1250.0,616.0,1226.0,1242.0,1680.0,933.0,2865.0,511.0,266.5,650.0,744.0,2330.0,450.0,462.0,580.0,1225.0,1495.0,325.0,1278.0,38.0
2025-10-21,66121.67,180.0,100.0,500.0,178.0,425.0,1250.0,616.0,1226.0,1242.0,1680.0,933.0,2865.0,511.0,266.5,650.0,744.0,2330.0,450.0,462.0,580.0,1225.0,1495.0,325.0,1278.0,38.0
2025-10-22,66121.67,180.0,100.0,500.0,178.0,425.0,1250.0,616.0,1226.0,1242.0,1680.0,933.0,2865.0,511.0,266.5,650.0,744.0,2330.0,450.0,462.0,580.0,1225.0,1495.0,325.0,1278.0,38.0
2025-10-23,66121.67,180.0,100.0,500.0,178.0,425.0,1250.0,616.0,1226.0,1242.0,1680.0,933.0,2865.0,511.0,266.5,650.0,744.0,2330.0,450.0,462.0,580.0,1225.0,1495.0,325.0,1278.0,38.0
2025-10-24,66121.67,180.0,100.0,500.0,178.0,425.0,1250.0,616.0,1226.0,1242.0,1680.0,933.0,2865.0,511.0,266.5,650.0,744.0,2330.0,450.0,462.0,580.0,1225.0,1495.0,325.0,1278.0,38.0
2025-10-25,66121.67,180.0,100.0,500.0,178.0,425.0,1250.0,616.0,1226.0,1242.0,1680.0,933.0,2865.0,511.0,266.5,650.0,744.0,2330.0,450.0,462.0,580.0,1225.0,1495.0,325.0,1278.0,38.0
2025-10-26,66121.67,180.0,100.0,500.0,178.0,425.0,1250.0,616.0,1226.0,1242.0,1680.0,933.0,2865.0,511.0,266.5,650.0,744.0,2330.0,450.0,462.0,580.0,1225.0,1495.0,325.0,1278.0,38.0
2025-10-27,66121.67,180.0,100.0,500.0,178.0,425.0,1250.0,616.0,1226.0,1242.0,1680.0,933.0,2865.0,511.0,266.5,650.0,744.0,2330.0,450.0,462.0,580.0,1225.0,1495.0,325.0,1278.0,38.0
2025-10-28,66121.67,180.0,100.0,500.0,178.0,425.0,1250.0,616.0,1226.0,1242.0,1680.0,933.0,2865.0,511.0,266.5,650.0,744.0,2330.0,450.0,462.0,580.0,1225.0,1495.0,325.0,1278.0,38.0
2025-10-29,66121.67,180.0,100.0,500.0,178.0,425.0,1250.0,616.0,1226.0,1242.0,1680.0,933.0,2865.0,511.0,266.5,650.0,744.0,2330.0,450.0,462.0,580.0,1225.0,1495.0,325.0,1278.0,38.0
2025-10-30,66121.67,180.0,100.0,500.0,178.0,425.0,1250.0,616.0,1226.0,1242.0,1680.0,933.0,2865.0,511.0,266.5,650.0,744.0,2330.0,450.0,462.0,580.0,1225.0,1495.0,325.0,1278.0,38.0
2025-10-31,66121.67,180.0,100.0,500.0,178.0,425.0,1250.0,616.0,1226.0,1242.0,1680.0,933.0,2865.0,511.0,266.5,650.0,744.0,2330.0,450.0,462.0,580.0,1225.0,1495.0,325.0,1278.0,38.0
2025-11-01,66121.67,180.0,100.0,500.0,178.0,425.0,1250.0,616.0,1226.0,1242.0,1680.0,933.0,2865.0,511.0,266.5,650.0,744.0,2330.0,450.0,462.0,580.0,1225.0,1495.0,325.0,1278.0,38.0
2025-11-02,66121.67,180.0,100.0,500.0,178.0,425.0,1250.0,616.0,1226.0,1242.0,1680.0,933.0,2865.0,511.0,266.5,650.0,744.0,2330.0,450.0,462.0,580.0,1225.0,1495.0,325.0,1278.0,38.0
2025-11-03,66121.67,180.0,100.0,500.0,178.0,425.0,1250.0,616.0,1226.0,1242.0,1680.0,933.0,2865.0,511.0,266.5,650.0,744.0,2330.0,450.0,462.0,580.0,1225.0,1495.0,325.0,1278.0,38.0
2025-11-04,66121.67,180.0,100.0,500.0,178.0,425.0,1250.0,616.0,1226.0,1242.0,1680.0,933.0,2865.0,511.0,266.5,650.0,744.0,2330.0,450.0,462.0,580.0,1225.0,1495.0,325.0,1278.0,38.0
2025-11-05,66121.67,180.0,100.0,500.0,178.0,425.0,1250.0,616.0,1226.0,1242.0,1680.0,933.0,2865.0,511.0,266.5,650.0,744.0,2330.0,450.0,462.0,580.0,1225.0,1495.0,325.0,1278.0,38.0
2025-11-06,66121.67,180.0,100.0,500.0,178.0,425.0,1250.0,616.0,1226.0,1242.0,1680.0,933.0,2865.0,511.0,266.5,650.0,744.0,2330.0,450.0,462.0,580.0,1225.0,1495.0,325.0,1278.0,38.0
2025-11-07,66121.67,180.0,100.0,500.0,178.0,425.0,1250.0,616.0,1226.0,1242.0,1680.0,933.0,2865.0,511.0,266.5,650.0,744.0,2330.0,450.0,462.0,580.0,1225.0,1495.0,325.0,1278.0,38.0
2025-11-08,66121.67,180.0,100.0,500.0,178.0,425.0,1250.0,616.0,1226.0,1242.0,1680.0,933.0,2865.0,511.0,266.5,650.0,744.0,2330.0,450.0,462.0,580.0,1225.0,1495.0,325.0,1278.0,38.0
2025-11-09,66121.67,180.0,100.0,500.0,178.0,425.0,1250.0,616.0,1226.0,1242.0,1680.0,933.0,2865.0,511.0,266.5,650.0,744.0,2330.0,450.0,462.0,580.0,1225.0,1495.0,325.0,1278.0,38.0
2025-11-10,66121.67,180.0,100.0,500.0,178.0,425.0,1250.0,616.0,1226.0,1242.0,1680.0,933.0,2865.0,511.0,266.5,650.0,744.0,2330.0,450.0,462.0,580.0,1225.0,1495.0,325.0,1278.0,38.0
2025-11-11,66121.67,180.0,100.0,500.0,178.0,425.0,1250.0,616.0,1226.0,1242.0,1680.0,933.0,2865.0,511.0,266.5,650.0,744.0,2330.0,450.0,462.0,580.0,1225.0,1495.0,325.0,1278.0,38.0
2025-11-12,66121.67,180.0,100.0,500.0,178.0,425.0,1250.0,616.0,1226.0,1242.0,1680.0,933.0,2865.0,511.0,266.5,650.0,744.0,2330.0,450.0,462.0,580.0,1225.0,1495.0,325.0,1278.0,38.0
2025-11-13,66121.67,180.0,100.0,500.0,178.0,425.0,1250.0,616.0,1226.0,1242.0,1680.0,933.0,2865.0,511.0,266.5,650.0,744.0,2330.0,450.0,462.0,580.0,1225.0,1495.0,325.0,1278.0,38.0
2025-11-14,66121.67,180.0,100.0,500.0,178.0,425.0,1250.0,616.0,1226.0,1242.0,1680.0,933.0,2865.0,511.0,266.5,650.0,744.0,2330.0,450.0,462.0,580.0,1225.0,1495.0,325.0,1278.0,38.0
2025-11-15,66121.67,180.0,100.0,500.0,178.0,425.0,1250.0,616.0,1226.0,1242.0,1680.0,933.0,2865.0,511.0,266.5,650.0,744.0,2330.0,450.0,462.0,580.0,1225.0,1495.0,325.0,1278.0,38.0
2025-11-16,66121.67,180.0,100.0,500.0,178.0,425.0,1250.0,616.0,1226.0,1242.0,1680.0,933.0,2865.0,511.0,266.5,650.0,744.0,2330.0,450.0,462.0,580.0,1225.0,1495.0,325.0,1278.0,38.0
2025-11-17,66121.67,180.0,100.0,500.0,178.0,425.0,1250.0,616.0,1226.0,1242.0,1680.0,933.0,2865.0,511.0,266.5,650.0,744.0,2330.0,450.0,462.0,580.0,1225.0,1495.0,325.0,1278.0,38.0
2025-11-18,66121.67,180.0,100.0,500.0,178.0,425.0,1250.0,616.0,1226.0,1242.0,1680.0,933.0,2865.0,511.0,266.5,650.0,744.0,2330.0,450.0,462.0,580.0,1225.0,1495.0,325.0,1278.0,38.0
2025-11-19,66121.67,180.0,100.0,500.0,178.0,425.0,1250.0,616.0,1226.0,1242.0,1680.0,933.0,2865.0,511.0,266.5,650.0,744.0,2330.0,450.0,462.0,580.0,1225.0,1495.0,325.0,1278.0,38.0
2025-11-20,66121.67,180.0,100.0,500.0,178.0,425.0,1250.0,616.0,1226.0,1242.0,1680.0,933.0,2865.0,511.0,266.5,650.0,744.0,2330.0,450.0,462.0,580.0,1225.0,1495.0,325.0,1278.0,38.0
2025-11-21,66121.67,180.0,100.0,500.0,178.0,425.0,1250.0,616.0,1226.0,1242.0,1680.0,933.0,2865.0,511.0,266.5,650.0,744.0,2330.0,450.0,462.0,580.0,1225.0,1495.0,325.0,1278.0,38.0
2025-11-22,66121.67,180.0,100.0,500.0,178.0,425.0,1250.0,616.0,1226.0,1242.0,1680.0,933.0,2865.0,511.0,266.5,650.0,744.0,2330.0,450.0,462.0,580.0,1225.0,1495.0,325.0,1278.0,38.0
2025-11-23,66121.67,180.0,100.0,500.0,178.0,425.0,1250.0,616.0,1226.0,1242.0,1680.0,933.0,2865.0,511.0,266.5,650.0,744.0,2330.0,450.0,462.0,580.0,1225.0,1495.0,325.0,1278.0,38.0
2025-11-24,66121.67,180.0,100.0,500.0,178.0,425.0,1250.0,616.0,1226.0,1242.0,1680.0,933.0,2865.0,511.0,266.5,650.0,744.0,2330.0,450.0,462.0,580.0,1225.0,1495.0,325.0,1278.0,38.0
2025-11-25,66121.67,180.0,100.0,500.0,178.0,425.0,1250.0,616.0,1226.0,1242.0,1680.0,933.0,2865.0,511.0,266.5,650.0,744.0,2330.0,450.0,462.0,580.0,1225.0,1495.0,325.0,1278.0,38.0
2025-11-26,66121.67,180.0,100.0,500.0,178.0,425.0,1250.0,616.0,1226.0,1242.0,1680.0,933.0,2865.0,511.0,266.5,650.0,744.0,2330.0,450.0,462.0,580.0,1225.0,1495.0,325.0,1278.0,38.0
2025-11-27,66121.67,180.0,100.0,500.0,178.0,425.0,1250.0,616.0,1226.0,1242.0,1680.0,933.0,2865.0,511.0,266.5,650.0,744.0,2330.0,450.0,462.0,580.0,1225.0,1495.0,325.0,1278.0,38.0
2025-11-28,66121.67,180.0,100.0,500.0,178.0,425.0,1250.0,616.0,1226.0,1242.0,1680.0,933.0,2865.0,511.0,266.5,650.0,744.0,2330.0,450.0,462.0,580.0,1225.0,1495.0,325.0,1278.0,38.0
2025-11-29,66121.67,180.0,100.0,500.0,178.0,425.0,1250.0,616.0,1226.0,1242.0,1680.0,933.0,2865.0,511.0,266.5,650.0,744.0,2330.0,450.0,462.0,580.0,1225.0,1495.0,325.0,1278.0,38.0
2025-11-30,66121.67,180.0,100.0,500.0,178.0,425.0,1250.0,616.0,1226.0,1242.0,1680.0,933.0,2865.0,511.0,266.5,650.0,744.0,2330.0,450.0,462.0,580.0,1225.0,1495.0,325.0,1278.0,38.0
2025-12-01,66121.67,180.0,100.0,500.0,178.0,425.0,1250.0,616.0,1226.0,1242.0,1680.0,933.0,2865.0,511.0,266.5,650.0,744.0,2330.0,450.0,462.0,580.0,1225.0,1495.0,325.0,1278.0,38.0
2025-12-02,66121.67,180.0,100.0,500.0,178.0,425.0,1250.0,616.0,1226.0,1242.0,1680.0,933.0,2865.0,511.0,266.5,650.0,744.0,2330.0,450.0,462.0,580.0,1225.0,1495.0,325.0,1278.0,38.0
2025-12-03,66121.67,180.0,100.0,500.0,178.0,425.0,1250.0,616.0,1226.0,1242.0,1680.0,933.0,2865.0,511.0,266.5,650.0,744.0,2330.0,450.0,462.0,580.0,1225.0,1495.0,325.0,1278.0,38.0
2025-12-04,66121.67,180.0,100.0,500.0,178.0,425.0,1250.0,616.0,1226.0,1242.0,1680.0,933.0,2865.0,511.0,266.5,650.0,744.0,2330.0,450.0,462.0,580.0,1225.0,1495.0,325.0,1278.0,38.0
2025-12-05,66121.67,180.0,100.0,500.0,178.0,425.0,1250.0,616.0,1226.0,1242.0,1680.0,933.0,2865.0,511.0,266.5,650.0,744.0,2330.0,450.0,462.0,580.0,1225.0,1495.0,325.0,1278.0,38.0
2025-12-06,66121.67,180.0,100.0,500.0,178.0,425.0,1250.0,616.0,1226.0,1242.0,1680.0,933.0,2865.0,511.0,266.5,650.0,744.0,2330.0,450.0,462.0,580.0,1225.0,1495.0,325.0,1278.0,38.0
2025-12-07,66121.67,180.0,100.0,500.0,178.0,425.0,1250.0,616.0,1226.0,1242.0,1680.0,933.0,2865.0,511.0,266.5,650.0,744.0,2330.0,450.0,462.0,580.0,1225.0,1495.0,325.0,1278.0,38.0
2025-12-08,66121.67,180.0,100.0,500.0,178.0,425.0,1250.0,616.0,1226.0,1242.0,1680.0,933.0,2865.0,511.0,266.5,650.0,744.0,2330.0,450.0,462.0,580.0,1225.0,1495.0,325.0,1278.0,38.0
2025-12-09,66121.67,180.0,100.0,500.0,178.0,425.0,1250.0,616.0,1226.0,1242.0,1680.0,933.0,2865.0,511.0,266.5,650.0,744.0,2330.0,450.0,462.0,580.0,1225.0,1495.0,325.0,1278.0,38.0
2025-12-10,66121.67,180.0,100.0,500.0,178.0,425.0,1250.0,616.0,1226.0,1242.0,1680.0,933.0,2865.0,511.0,266.5,650.0,744.0,2330.0,450.0,462.0,580.0,1225.0,1495.0,325.0,1278.0,38.0
2025-12-11,66121.67,180.0,100.0,500.0,178.0,425.0,1250.0,616.0,1226.0,1242.0,1680.0,933.0,2865.0,511.0,266.5,650.0,744.0,2330.0,450.0,462.0,580.0,1225.0,1495.0,325.0,1278.0,38.0
2025-12-12,66121.67,180.0,100.0,500.0,178.0,425.0,1250.0,616.0,1226.0,1242.0,1680.0,933.0,2865.0,511.0,266.5,650.0,744.0,2330.0,450.0,462.0,580.0,1225.0,1495.0,325.0,1278.0,38.0
2025-12-13,66121.67,180.0,100.0,500.0,178.0,425.0,1250.0,616.0,1226.0,1242.0,1680.0,933.0,2865.0,511.0,266.5,650.0,744.0,2330.0,450.0,462.0,580.0,1225.0,1495.0,325.0,1278.0,38.0
2025-12-14,66121.67,180.0,100.0,500.0,178.0,425.0,1250.0,616.0,1226.0,1242.0,1680.0,933.0,2865.0,511.0,266.5,650.0,744.0,2330.0,450.0,462.0,580.0,1225.0,1495.0,325.0,1278.0,38.0
2025-12-15,66121.67,180.0,100.0,500.0,178.0,425.0,1250.0,616.0,1226.0,1242.0,1680.0,933.0,2865.0,511.0,266.5,650.0,744.0,2330.0,450.0,462.0,580.0,1225.0,1495.0,325.0,1278.0,38.0
2025-12-16,66121.67,180.0,100.0,500.0,178.0,425.0,1250.0,616.0,1226.0,1242.0,1680.0,933.0,2865.0,511.0,266.5,650.0,744.0,2330.0,450.0,462.0,580.0,1225.0,1495.0,325.0,1278.0,38.0
2025-12-17,66121.67,180.0,100.0,500.0,178.0,425.0,1250.0,616.0,1226.0,1242.0,1680.0,933.0,2865.0,511.0,266.5,650.0,744.0,2330.0,450.0,462.0,580.0,1225.0,1495.0,325.0,1278.0,38.0
2025-12-18,66121.67,180.0,100.0,500.0,178.0,425.0,1250.0,616.0,1226.0,1242.0,1680.0,933.0,2865.0,511.0,266.5,650.0,744.0,2330.0,450.0,462.0,580.0,1225.0,1495.0,325.0,1278.0,38.0
2025-12-19,66121.67,180.0,100.0,500.0,178.0,425.0,1250.0,616.0,1226.0,1242.0,1680.0,933.0,2865.0,511.0,266.5,650.0,744.0,2330.0,450.0,462.0,580.0,1225.0,1495.0,325.0,1278.0,38.0
2025-12-20,66121.67,180.0,100.0,500.0,178.0,425.0,1250.0,616.0,1226.0,1242.0,1680.0,933.0,2865.0,511.0,266.5,650.0,744.0,2330.0,450.0,462.0,580.0,1225.0,1495.0,325.0,1278.0,38.0
2025-12-21,66121.67,180.0,100.0,500.0,178.0,425.0,1250.0,616.0,1226.0,1242.0,1680.0,933.0,2865.0,511.0,266.5,650.0,744.0,2330.0,450.0,462.0,580.0,1225.0,1495.0,325.0,1278.0,38.0
2025-12-22,66121.67,180.0,100.0,500.0,178.0,425.0,1250.0,616.0,1226.0,1242.0,1680.0,933.0,2865.0,511.0,266.5,650.0,744.0,2330.0,450.0,462.0,580.0,1225.0,1495.0,325.0,1278.0,38.0
2025-12-23,66121.67,180.0,100.0,500.0,178.0,425.0,1250.0,616.0,1226.0,1242.0,1680.0,933.0,2865.0,511.0,266.5,650.0,744.0,2330.0,450.0,462.0,580.0,1225.0,1495.0,325.0,1278.0,38.0
2025-12-24,66121.67,180.0,100.0,500.0,178.0,425.0,1250.0,616.0,1226.0,1242.0,1680.0,933.0,2865.0,511.0,266.5,650.0,744.0,2330.0,450.0,462.0,580.0,1225.0,1495.0,325.0,1278.0,38.0
2025-12-25,66121.67,180.0,100.0,500.0,178.0,425.0,1250.0,616.0,1226.0,1242.0,1680.0,933.0,2865.0,511.0,266.5,650.0,744.0,2330.0,450.0,462.0,580.0,1225.0,1495.0,325.0,1278.0,38.0
2025-12-26,66121.67,180.0,100.0,500.0,178.0,425.0,1250.0,616.0,1226.0,1242.0,1680.0,933.0,2865.0,511.0,266.5,650.0,744.0,2330.0,450.0,462.0,580.0,1225.0,1495.0,325.0,1278.0,38.0
2025-12-27,66121.67,180.0,100.0,500.0,178.0,425.0,1250.0,616.0,1226.0,1242.0,1680.0,933.0,2865.0,511.0,266.5,650.0,744.0,2330.0,450.0,462.0,580.0,1225.0,1495.0,325.0,1278.0,38.0
2025-12-28,66121.67,180.0,100.0,500.0,178.0,425.0,1250.0,616.0,1226.0,1242.0,1680.0,933.0,2865.0,511.0,266.5,650.0,744.0,2330.0,450.0,462.0,580.0,1225.0,1495.0,325.0,1278.0,38.0
2025-12-29,66121.67,180.0,100.0,500.0,178.0,425.0,1250.0,616.0,1226.0,1242.0,1680.0,933.0,2865.0,511.0,266.5,650.0,744.0,2330.0,450.0,462.0,580.0,1225.0,1495.0,325.0,1278.0,38.0
2025-12-30,66121.67,180.0,100.0,500.0,178.0,425.0,1250.0,616.0,1226.0,1242.0,1680.0,933.0,2865.0,511.0,266.5,650.0,744.0,2330.0,450.0,462.0,580.0,1225.0,1495.0,325.0,1278.0,38.0
2025-12-31,66121.67,180.0,100.0,500.0,178.0,425.0,1250.0,616.0,1226.0,1242.0,1680.0,933.0,2865.0,511.0,266.5,650.0,744.0,2330.0,450.0,462.0,580.0,1225.0,1495.0,325.0,1278.0,38.0
2026-01-01,66121.67,180.0,100.0,500.0,178.0,425.0,1250.0,616.0,1226.0,1242.0,1680.0,933.0,2865.0,511.0,266.5,650.0,744.0,2330.0,450.0,462.0,580.0,1225.0,1495.0,325.0,1278.0,38.0
2026-01-02,66121.67,180.0,100.0,500.0,178.0,425.0,1250.0,616.0,1226.0,1242.0,1680.0,933.0,2865.0,511.0,266.5,650.0,744.0,2330.0,450.0,462.0,580.0,1225.0,1495.0,325.0,1278.0,38.0
2026-01-03,66121.67,180.0,100.0,500.0,178.0,425.0,1250.0,616.0,1226.0,1242.0,1680.0,933.0,2865.0,511.0,266.5,650.0,744.0,2330.0,450.0,462.0,580.0,1225.0,1495.0,325.0,1278.0,38.0
2026-01-04,66121.67,180.0,100.0,500.0,178.0,425.0,1250.0,616.0,1226.0,1242.0,1680.0,933.0,2865.0,511.0,266.5,650.0,744.0,2330.0,450.0,462.0,580.0,1225.0,1495.0,325.0,1278.0,38.0
2026-01-05,66121.67,180.0,100.0,500.0,178.0,425.0,1250.0,616.0,1226.0,1242.0,1680.0,933.0,2865.0,511.0,266.5,650.0,744.0,2330.0,450.0,462.0,580.0,1225.0,1495.0,325.0,1278.0,38.0
2026-01-06,66121.67,180.0,100.0,500.0,178.0,425.0,1250.0,616.0,1226.0,1242.0,1680.0,933.0,2865.0,511.0,266.5,650.0,744.0,2330.0,450.0,462.0,580.0,1225.0,1495.0,325.0,1278.0,38.0
2026-01-07,66121.67,180.0,100.0,500.0,178.0,425.0,1250.0,616.0,1226.0,1242.0,1680.0,933.0,2865.0,511.0,266.5,650.0,744.0,2330.0,450.0,462.0,580.0,1225.0,1495.0,325.0,1278.0,38.0
2026-01-08,66121.67,180.0,100.0,500.0,178.0,425.0,1250.0,616.0,1226.0,1242.0,1680.0,933.0,2865.0,511.0,266.5,650.0,744.0,2330.0,450.0,462.0,580.0,1225.0,1495.0,325.0,1278.0,38.0
2026-01-09,66121.67,180.0,100.0,500.0,178.0,425.0,1250.0,616.0,1226.0,1242.0,1680.0,933.0,2865.0,511.0,266.5,650.0,744.0,2330.0,450.0,462.0,580.0,1225.0,1495.0,325.0,1278.0,38.0
2026-01-10,66121.67,180.0,100.0,500.0,178.0,425.0,1250.0,616.0,1226.0,1242.0,1680.0,933.0,2865.0,511.0,266.5,650.0,744.0,2330.0,450.0,462.0,580.0,1225.0,1495.0,325.0,1278.0,38.0
2026-01-11,66121.67,180.0,100.0,500.0,178.0,425.0,1250.0,616.0,1226.0,1242.0,1680.0,933.0,2865.0,511.0,266.5,650.0,744.0,2330.0,450.0,462.0,580.0,1225.0,1495.0,325.0,1278.0,38.0
2026-01-12,66121.67,180.0,100.0,500.0,178.0,425.0,1250.0,616.0,1226.0,1242.0,1680.0,933.0,2865.0,511.0,266.5,650.0,744.0,2330.0,450.0,462.0,580.0,1225.0,1495.0,325.0,1278.0,38.0
2026-01-13,66121.67,180.0,100.0,500.0,178.0,425.0,1250.0,616.0,1226.0,1242.0,1680.0,933.0,2865.0,511.0,266.5,650.0,744.0,2330.0,450.0,462.0,580.0,1225.0,1495.0,325.0,1278.0,38.0
2026-01-14,66121.67,180.0,100.0,500.0,178.0,425.0,1250.0,616.0,1226.0,1242.0,1680.0,933.0,2865.0,511.0,266.5,650.0,744.0,2330.0,450.0,462.0,580.0,1225.0,1495.0,325.0,1278.0,38.0
2026-01-15,66121.67,180.0,100.0,500.0,178.0,425.0,1250.0,616.0,1226.0,1242.0,1680.0,933.0,2865.0,511.0,266.5,650.0,744.0,2330.0,450.0,462.0,580.0,1225.0,1495.0,325.0,1278.0,38.0
2026-01-16,66121.67,180.0,100.0,500.0,178.0,425.0,1250.0,616.0,1226.0,1242.0,1680.0,933.0,2865.0,511.0,266.5,650.0,744.0,2330.0,450.0,462.0,580.0,1225.0,1495.0,325.0,1278.0,38.0
2026-01-17,66121.67,180.0,100.0,500.0,178.0,425.0,1250.0,616.0,1226.0,1242.0,1680.0,933.0,2865.0,511.0,266.5,650.0,744.0,2330.0,450.0,462.0,580.0,1225.0,1495.0,325.0,1278.0,38.0
2026-01-18,66121.67,180.0,100.0,500.0,178.0,425.0,1250.0,616.0,1226.0,1242.0,1680.0,933.0,2865.0,511.0,266.5,650.0,744.0,2330.0,450.0,462.0,580.0,1225.0,1495.0,325.0,1278.0,38.0
2026-01-19,66121.67,180.0,100.0,500.0,178.0,425.0,1250.0,616.0,1226.0,1242.0,1680.0,933.0,2865.0,511.0,266.5,650.0,744.0,2330.0,450.0,462.0,580.0,1225.0,1495.0,325.0,1278.0,38.0
2026-01-20,66121.67,180.0,100.0,500.0,178.0,425.0,1250.0,616.0,1226.0,1242.0,1680.0,933.0,2865.0,511.0,266.5,650.0,744.0,2330.0,450.0,462.0,580.0,1225.0,1495.0,325.0,1278.0,38.0
2026-01-21,66121.67,180.0,100.0,500.0,178.0,425.0,1250.0,616.0,1226.0,1242.0,1680.0,933.0,2865.0,511.0,266.5,650.0,744.0,2330.0,450.0,462.0,580.0,1225.0,1495.0,325.0,1278.0,38.0
2026-01-22,66121.67,180.0,100.0,500.0,178.0,425.0,1250.0,616.0,1226.0,1242.0,1680.0,933.0,2865.0,511.0,266.5,650.0,744.0,2330.0,450.0,462.0,580.0,1225.0,1495.0,325.0,1278.0,38.0
2026-01-23,66121.67,180.0,100.0,500.0,178.0,425.0,1250.0,616.0,1226.0,1242.0,1680.0,933.0,2865.0,511.0,266.5,650.0,744.0,2330.0,450.0,462.0,580.0,1225.0,1495.0,325.0,1278.0,38.0
